time,location,new_id
07:00,dairy,0.6
07:00,drinks,0.6
07:00,fruit,0.8
07:01,checkout,0.4
07:01,dairy,1.2
07:01,drinks,0.6
07:01,fruit,0.8
07:01,spices,0.2
07:02,checkout,1.0
07:02,dairy,1.2
07:02,drinks,0.2
07:02,fruit,0.8
07:02,spices,0.4
07:03,checkout,0.2
07:03,dairy,2.8
07:03,drinks,0.6
07:03,fruit,1.0
07:03,spices,0.4
07:04,checkout,0.4
07:04,dairy,3.6
07:04,drinks,0.8
07:04,fruit,1.2
07:04,spices,0.8
07:05,checkout,1.4
07:05,dairy,3.0
07:05,drinks,1.4
07:05,fruit,0.4
07:05,spices,0.2
07:06,checkout,1.2
07:06,dairy,2.8
07:06,drinks,1.4
07:06,fruit,1.6
07:06,spices,0.4
07:07,checkout,0.2
07:07,dairy,3.2
07:07,drinks,1.6
07:07,fruit,2.0
07:07,spices,0.8
07:08,checkout,1.0
07:08,dairy,3.4
07:08,drinks,1.8
07:08,fruit,1.8
07:08,spices,1.0
07:09,checkout,1.8
07:09,dairy,2.2
07:09,drinks,2.0
07:09,fruit,1.4
07:09,spices,1.2
07:10,checkout,1.0
07:10,dairy,1.6
07:10,drinks,1.8
07:10,fruit,2.4
07:10,spices,1.2
07:11,checkout,1.2
07:11,dairy,1.6
07:11,drinks,2.0
07:11,fruit,2.6
07:11,spices,1.0
07:12,checkout,0.8
07:12,dairy,2.0
07:12,drinks,2.2
07:12,fruit,4.4
07:12,spices,1.6
07:13,checkout,1.2
07:13,dairy,2.6
07:13,drinks,3.2
07:13,fruit,4.0
07:13,spices,1.0
07:14,checkout,2.2
07:14,dairy,3.4
07:14,drinks,3.0
07:14,fruit,4.4
07:14,spices,0.4
07:15,checkout,1.8
07:15,dairy,3.0
07:15,drinks,2.6
07:15,fruit,3.2
07:15,spices,2.4
07:16,checkout,1.6
07:16,dairy,3.6
07:16,drinks,2.4
07:16,fruit,3.0
07:16,spices,2.0
07:17,checkout,2.2
07:17,dairy,2.6
07:17,drinks,3.0
07:17,fruit,2.4
07:17,spices,2.6
07:18,checkout,1.4
07:18,dairy,3.8
07:18,drinks,2.4
07:18,fruit,2.6
07:18,spices,1.4
07:19,checkout,1.2
07:19,dairy,4.4
07:19,drinks,3.0
07:19,fruit,3.0
07:19,spices,1.2
07:20,checkout,3.4
07:20,dairy,5.2
07:20,drinks,1.8
07:20,fruit,2.2
07:20,spices,1.8
07:21,checkout,2.0
07:21,dairy,4.0
07:21,drinks,2.2
07:21,fruit,2.2
07:21,spices,1.0
07:22,checkout,1.2
07:22,dairy,3.6
07:22,drinks,2.0
07:22,fruit,3.8
07:22,spices,1.4
07:23,checkout,2.0
07:23,dairy,3.6
07:23,drinks,2.6
07:23,fruit,3.0
07:23,spices,0.4
07:24,checkout,1.2
07:24,dairy,3.2
07:24,drinks,2.6
07:24,fruit,2.6
07:24,spices,0.6
07:25,checkout,0.8
07:25,dairy,3.2
07:25,drinks,2.4
07:25,fruit,2.2
07:25,spices,2.0
07:26,checkout,2.0
07:26,dairy,4.0
07:26,drinks,2.2
07:26,fruit,2.8
07:26,spices,1.8
07:27,checkout,2.0
07:27,dairy,3.8
07:27,drinks,3.2
07:27,fruit,2.6
07:27,spices,2.6
07:28,checkout,1.2
07:28,dairy,4.6
07:28,drinks,3.6
07:28,fruit,3.2
07:28,spices,1.6
07:29,checkout,1.2
07:29,dairy,4.8
07:29,drinks,4.2
07:29,fruit,3.2
07:29,spices,0.8
07:30,checkout,3.0
07:30,dairy,3.2
07:30,drinks,4.6
07:30,fruit,3.2
07:30,spices,0.8
07:31,checkout,2.2
07:31,dairy,3.4
07:31,drinks,3.4
07:31,fruit,3.2
07:31,spices,1.2
07:32,checkout,2.8
07:32,dairy,4.4
07:32,drinks,2.4
07:32,fruit,2.8
07:32,spices,1.0
07:33,checkout,2.0
07:33,dairy,4.0
07:33,drinks,2.6
07:33,fruit,2.4
07:33,spices,1.4
07:34,checkout,1.4
07:34,dairy,3.4
07:34,drinks,1.8
07:34,fruit,3.0
07:34,spices,2.0
07:35,checkout,1.6
07:35,dairy,3.8
07:35,drinks,3.0
07:35,fruit,1.8
07:35,spices,2.0
07:36,checkout,2.0
07:36,dairy,4.0
07:36,drinks,2.8
07:36,fruit,1.4
07:36,spices,2.4
07:37,checkout,1.6
07:37,dairy,2.4
07:37,drinks,2.4
07:37,fruit,2.4
07:37,spices,2.6
07:38,checkout,1.4
07:38,dairy,4.0
07:38,drinks,2.2
07:38,fruit,2.8
07:38,spices,1.4
07:39,checkout,1.2
07:39,dairy,3.8
07:39,drinks,3.0
07:39,fruit,2.4
07:39,spices,1.2
07:40,checkout,1.6
07:40,dairy,3.0
07:40,drinks,3.4
07:40,fruit,2.4
07:40,spices,1.4
07:41,checkout,1.4
07:41,dairy,3.4
07:41,drinks,3.4
07:41,fruit,2.8
07:41,spices,1.0
07:42,checkout,1.2
07:42,dairy,3.0
07:42,drinks,3.2
07:42,fruit,2.8
07:42,spices,2.0
07:43,checkout,1.8
07:43,dairy,3.4
07:43,drinks,3.0
07:43,fruit,1.6
07:43,spices,3.0
07:44,checkout,1.4
07:44,dairy,3.0
07:44,drinks,3.6
07:44,fruit,2.4
07:44,spices,2.2
07:45,checkout,1.2
07:45,dairy,3.2
07:45,drinks,4.0
07:45,fruit,1.8
07:45,spices,1.6
07:46,checkout,1.0
07:46,dairy,3.2
07:46,drinks,4.2
07:46,fruit,2.2
07:46,spices,1.2
07:47,checkout,2.4
07:47,dairy,2.2
07:47,drinks,3.4
07:47,fruit,2.8
07:47,spices,2.0
07:48,checkout,2.2
07:48,dairy,2.8
07:48,drinks,3.0
07:48,fruit,3.4
07:48,spices,1.0
07:49,checkout,1.6
07:49,dairy,3.0
07:49,drinks,3.0
07:49,fruit,3.0
07:49,spices,2.2
07:50,checkout,3.6
07:50,dairy,2.4
07:50,drinks,3.8
07:50,fruit,2.6
07:50,spices,0.8
07:51,checkout,1.6
07:51,dairy,2.8
07:51,drinks,3.0
07:51,fruit,1.8
07:51,spices,1.0
07:52,checkout,2.6
07:52,dairy,3.0
07:52,drinks,1.6
07:52,fruit,1.6
07:52,spices,0.6
07:53,checkout,0.8
07:53,dairy,3.2
07:53,drinks,2.0
07:53,fruit,2.8
07:53,spices,1.4
07:54,checkout,2.2
07:54,dairy,2.6
07:54,drinks,1.4
07:54,fruit,2.4
07:54,spices,1.2
07:55,checkout,1.0
07:55,dairy,2.4
07:55,drinks,1.4
07:55,fruit,3.0
07:55,spices,0.8
07:56,checkout,1.4
07:56,dairy,3.6
07:56,drinks,1.8
07:56,fruit,2.8
07:56,spices,0.4
07:57,checkout,1.6
07:57,dairy,3.4
07:57,drinks,2.2
07:57,fruit,2.6
07:57,spices,0.6
07:58,checkout,0.6
07:58,dairy,2.8
07:58,drinks,1.6
07:58,fruit,3.0
07:58,spices,1.0
07:59,checkout,1.2
07:59,dairy,3.0
07:59,drinks,1.6
07:59,fruit,2.2
07:59,spices,0.8
08:00,checkout,1.2
08:00,dairy,3.2
08:00,drinks,1.4
08:00,fruit,2.4
08:00,spices,1.2
08:01,checkout,1.6
08:01,dairy,3.4
08:01,drinks,1.8
08:01,fruit,2.4
08:01,spices,1.2
08:02,checkout,1.8
08:02,dairy,5.2
08:02,drinks,1.2
08:02,fruit,2.4
08:02,spices,1.4
08:03,checkout,1.6
08:03,dairy,4.8
08:03,drinks,2.2
08:03,fruit,2.0
08:03,spices,1.4
08:04,checkout,2.0
08:04,dairy,4.4
08:04,drinks,2.4
08:04,fruit,3.4
08:04,spices,2.2
08:05,checkout,2.0
08:05,dairy,5.4
08:05,drinks,1.0
08:05,fruit,4.4
08:05,spices,2.0
08:06,checkout,2.4
08:06,dairy,5.6
08:06,drinks,3.0
08:06,fruit,3.0
08:06,spices,0.8
08:07,checkout,1.8
08:07,dairy,5.6
08:07,drinks,2.0
08:07,fruit,3.4
08:07,spices,1.8
08:08,checkout,1.8
08:08,dairy,6.0
08:08,drinks,2.0
08:08,fruit,3.6
08:08,spices,1.8
08:09,checkout,2.2
08:09,dairy,5.8
08:09,drinks,1.4
08:09,fruit,3.6
08:09,spices,1.4
08:10,checkout,0.8
08:10,dairy,6.6
08:10,drinks,1.8
08:10,fruit,3.8
08:10,spices,2.6
08:11,checkout,2.8
08:11,dairy,6.6
08:11,drinks,0.8
08:11,fruit,3.2
08:11,spices,3.2
08:12,checkout,1.8
08:12,dairy,6.8
08:12,drinks,0.8
08:12,fruit,3.6
08:12,spices,1.2
08:13,checkout,2.6
08:13,dairy,6.8
08:13,drinks,1.4
08:13,fruit,2.2
08:13,spices,1.4
08:14,checkout,0.6
08:14,dairy,7.2
08:14,drinks,1.6
08:14,fruit,3.4
08:14,spices,1.6
08:15,checkout,1.6
08:15,dairy,6.6
08:15,drinks,2.2
08:15,fruit,3.8
08:15,spices,1.0
08:16,checkout,2.2
08:16,dairy,5.2
08:16,drinks,3.6
08:16,fruit,4.6
08:16,spices,1.4
08:17,checkout,3.8
08:17,dairy,5.0
08:17,drinks,2.4
08:17,fruit,4.8
08:17,spices,2.4
08:18,checkout,2.2
08:18,dairy,5.4
08:18,drinks,2.6
08:18,fruit,4.2
08:18,spices,1.8
08:19,checkout,2.4
08:19,dairy,6.4
08:19,drinks,2.0
08:19,fruit,4.0
08:19,spices,1.0
08:20,checkout,1.0
08:20,dairy,6.0
08:20,drinks,2.0
08:20,fruit,4.0
08:20,spices,2.4
08:21,checkout,2.2
08:21,dairy,6.6
08:21,drinks,2.0
08:21,fruit,5.8
08:21,spices,3.0
08:22,checkout,3.2
08:22,dairy,6.8
08:22,drinks,3.4
08:22,fruit,4.8
08:22,spices,2.2
08:23,checkout,3.0
08:23,dairy,5.8
08:23,drinks,2.4
08:23,fruit,5.0
08:23,spices,2.4
08:24,checkout,1.4
08:24,dairy,6.6
08:24,drinks,3.0
08:24,fruit,5.8
08:24,spices,1.6
08:25,checkout,4.0
08:25,dairy,6.6
08:25,drinks,3.2
08:25,fruit,3.8
08:25,spices,1.2
08:26,checkout,3.6
08:26,dairy,6.0
08:26,drinks,2.8
08:26,fruit,3.8
08:26,spices,2.0
08:27,checkout,3.4
08:27,dairy,5.8
08:27,drinks,2.0
08:27,fruit,4.0
08:27,spices,2.6
08:28,checkout,2.6
08:28,dairy,6.4
08:28,drinks,2.4
08:28,fruit,4.0
08:28,spices,2.0
08:29,checkout,3.4
08:29,dairy,6.4
08:29,drinks,2.8
08:29,fruit,2.4
08:29,spices,2.0
08:30,checkout,1.6
08:30,dairy,5.2
08:30,drinks,3.2
08:30,fruit,2.8
08:30,spices,1.8
08:31,checkout,1.8
08:31,dairy,5.4
08:31,drinks,2.4
08:31,fruit,2.8
08:31,spices,2.0
08:32,checkout,1.2
08:32,dairy,5.6
08:32,drinks,3.0
08:32,fruit,3.2
08:32,spices,1.8
08:33,checkout,2.2
08:33,dairy,5.2
08:33,drinks,2.2
08:33,fruit,3.2
08:33,spices,3.0
08:34,checkout,1.4
08:34,dairy,4.6
08:34,drinks,4.0
08:34,fruit,4.4
08:34,spices,2.4
08:35,checkout,1.8
08:35,dairy,5.0
08:35,drinks,3.4
08:35,fruit,4.4
08:35,spices,2.8
08:36,checkout,2.0
08:36,dairy,6.0
08:36,drinks,3.4
08:36,fruit,4.0
08:36,spices,2.2
08:37,checkout,2.2
08:37,dairy,5.6
08:37,drinks,2.8
08:37,fruit,4.6
08:37,spices,1.4
08:38,checkout,1.8
08:38,dairy,6.0
08:38,drinks,2.8
08:38,fruit,4.0
08:38,spices,2.0
08:39,checkout,3.4
08:39,dairy,4.6
08:39,drinks,3.2
08:39,fruit,3.4
08:39,spices,2.4
08:40,checkout,1.2
08:40,dairy,5.0
08:40,drinks,3.8
08:40,fruit,4.8
08:40,spices,2.0
08:41,checkout,3.0
08:41,dairy,4.8
08:41,drinks,4.4
08:41,fruit,4.2
08:41,spices,2.2
08:42,checkout,2.6
08:42,dairy,4.8
08:42,drinks,3.8
08:42,fruit,3.6
08:42,spices,2.8
08:43,checkout,1.8
08:43,dairy,5.4
08:43,drinks,3.4
08:43,fruit,4.8
08:43,spices,3.0
08:44,checkout,2.2
08:44,dairy,6.0
08:44,drinks,4.0
08:44,fruit,3.8
08:44,spices,2.6
08:45,checkout,3.2
08:45,dairy,5.2
08:45,drinks,2.8
08:45,fruit,4.0
08:45,spices,3.0
08:46,checkout,2.2
08:46,dairy,6.2
08:46,drinks,3.6
08:46,fruit,3.4
08:46,spices,1.0
08:47,checkout,2.2
08:47,dairy,5.0
08:47,drinks,3.6
08:47,fruit,3.2
08:47,spices,2.2
08:48,checkout,0.8
08:48,dairy,5.2
08:48,drinks,4.2
08:48,fruit,4.6
08:48,spices,2.8
08:49,checkout,1.8
08:49,dairy,6.4
08:49,drinks,3.6
08:49,fruit,5.0
08:49,spices,2.4
08:50,checkout,3.6
08:50,dairy,6.0
08:50,drinks,2.0
08:50,fruit,5.2
08:50,spices,2.6
08:51,checkout,3.2
08:51,dairy,6.0
08:51,drinks,1.8
08:51,fruit,5.4
08:51,spices,1.4
08:52,checkout,1.6
08:52,dairy,5.4
08:52,drinks,2.0
08:52,fruit,5.8
08:52,spices,1.8
08:53,checkout,2.6
08:53,dairy,5.8
08:53,drinks,2.6
08:53,fruit,5.2
08:53,spices,2.8
08:54,checkout,2.8
08:54,dairy,6.4
08:54,drinks,3.0
08:54,fruit,4.8
08:54,spices,1.4
08:55,checkout,2.2
08:55,dairy,6.8
08:55,drinks,2.8
08:55,fruit,5.8
08:55,spices,2.6
08:56,checkout,2.2
08:56,dairy,6.2
08:56,drinks,5.0
08:56,fruit,5.2
08:56,spices,1.8
08:57,checkout,3.8
08:57,dairy,5.2
08:57,drinks,6.0
08:57,fruit,3.4
08:57,spices,1.0
08:58,checkout,2.8
08:58,dairy,5.2
08:58,drinks,4.0
08:58,fruit,3.8
08:58,spices,2.0
08:59,checkout,3.2
08:59,dairy,4.8
08:59,drinks,2.4
08:59,fruit,4.4
08:59,spices,2.0
09:00,checkout,2.4
09:00,dairy,4.8
09:00,drinks,3.0
09:00,fruit,3.8
09:00,spices,1.4
09:01,checkout,2.4
09:01,dairy,4.0
09:01,drinks,2.0
09:01,fruit,4.0
09:01,spices,1.2
09:02,checkout,1.8
09:02,dairy,4.2
09:02,drinks,1.6
09:02,fruit,3.0
09:02,spices,1.6
09:03,checkout,1.8
09:03,dairy,4.6
09:03,drinks,1.8
09:03,fruit,4.0
09:03,spices,1.2
09:04,checkout,0.8
09:04,dairy,4.4
09:04,drinks,3.0
09:04,fruit,4.0
09:04,spices,1.4
09:05,checkout,1.6
09:05,dairy,5.8
09:05,drinks,2.8
09:05,fruit,4.0
09:05,spices,1.2
09:06,checkout,2.4
09:06,dairy,5.8
09:06,drinks,3.2
09:06,fruit,3.4
09:06,spices,1.2
09:07,checkout,1.2
09:07,dairy,5.2
09:07,drinks,2.8
09:07,fruit,3.4
09:07,spices,1.6
09:08,checkout,1.6
09:08,dairy,6.0
09:08,drinks,2.6
09:08,fruit,3.6
09:08,spices,1.8
09:09,checkout,1.8
09:09,dairy,5.4
09:09,drinks,3.0
09:09,fruit,3.6
09:09,spices,1.4
09:10,checkout,1.4
09:10,dairy,5.6
09:10,drinks,2.4
09:10,fruit,3.6
09:10,spices,2.0
09:11,checkout,1.4
09:11,dairy,6.0
09:11,drinks,1.8
09:11,fruit,4.0
09:11,spices,2.6
09:12,checkout,2.4
09:12,dairy,5.4
09:12,drinks,1.6
09:12,fruit,3.8
09:12,spices,2.8
09:13,checkout,2.8
09:13,dairy,5.0
09:13,drinks,1.6
09:13,fruit,3.6
09:13,spices,2.0
09:14,checkout,1.6
09:14,dairy,4.8
09:14,drinks,2.0
09:14,fruit,4.0
09:14,spices,1.2
09:15,checkout,1.4
09:15,dairy,5.0
09:15,drinks,2.2
09:15,fruit,3.8
09:15,spices,1.2
09:16,checkout,3.0
09:16,dairy,4.2
09:16,drinks,2.0
09:16,fruit,3.2
09:16,spices,0.4
09:17,checkout,1.2
09:17,dairy,5.6
09:17,drinks,2.0
09:17,fruit,2.4
09:17,spices,0.2
09:18,checkout,1.0
09:18,dairy,6.0
09:18,drinks,2.2
09:18,fruit,2.8
09:18,spices,1.0
09:19,checkout,2.6
09:19,dairy,4.4
09:19,drinks,2.4
09:19,fruit,3.8
09:19,spices,1.4
09:20,checkout,3.2
09:20,dairy,4.4
09:20,drinks,2.0
09:20,fruit,2.2
09:20,spices,0.6
09:21,checkout,0.4
09:21,dairy,5.0
09:21,drinks,2.2
09:21,fruit,2.4
09:21,spices,0.8
09:22,checkout,1.6
09:22,dairy,5.2
09:22,drinks,1.8
09:22,fruit,2.6
09:22,spices,1.0
09:23,checkout,1.8
09:23,dairy,4.4
09:23,drinks,2.0
09:23,fruit,2.4
09:23,spices,1.4
09:24,checkout,1.2
09:24,dairy,4.8
09:24,drinks,2.8
09:24,fruit,1.0
09:24,spices,0.8
09:25,checkout,1.2
09:25,dairy,4.2
09:25,drinks,2.4
09:25,fruit,1.8
09:25,spices,1.4
09:26,checkout,1.0
09:26,dairy,4.2
09:26,drinks,2.2
09:26,fruit,2.8
09:26,spices,1.2
09:27,checkout,2.0
09:27,dairy,3.8
09:27,drinks,1.0
09:27,fruit,2.6
09:27,spices,2.0
09:28,checkout,1.2
09:28,dairy,5.0
09:28,drinks,1.8
09:28,fruit,2.0
09:28,spices,0.6
09:29,checkout,1.6
09:29,dairy,4.0
09:29,drinks,1.8
09:29,fruit,2.8
09:29,spices,0.6
09:30,checkout,1.2
09:30,dairy,4.0
09:30,drinks,1.8
09:30,fruit,3.0
09:30,spices,0.8
09:31,checkout,2.4
09:31,dairy,4.0
09:31,drinks,1.0
09:31,fruit,2.4
09:31,spices,0.6
09:32,checkout,1.6
09:32,dairy,3.2
09:32,drinks,0.8
09:32,fruit,2.4
09:32,spices,1.2
09:33,checkout,1.8
09:33,dairy,3.4
09:33,drinks,0.6
09:33,fruit,1.0
09:33,spices,1.2
09:34,checkout,0.4
09:34,dairy,4.2
09:34,drinks,0.8
09:34,fruit,1.2
09:34,spices,1.0
09:35,checkout,1.0
09:35,dairy,3.6
09:35,drinks,1.4
09:35,fruit,1.4
09:35,spices,0.8
09:36,checkout,1.2
09:36,dairy,3.8
09:36,drinks,1.0
09:36,fruit,1.6
09:36,spices,1.2
09:37,checkout,1.0
09:37,dairy,4.4
09:37,drinks,1.2
09:37,fruit,2.2
09:37,spices,1.4
09:38,checkout,2.0
09:38,dairy,4.6
09:38,drinks,1.0
09:38,fruit,2.4
09:38,spices,0.6
09:39,checkout,1.2
09:39,dairy,4.4
09:39,drinks,1.6
09:39,fruit,2.4
09:39,spices,1.4
09:40,checkout,1.2
09:40,dairy,3.6
09:40,drinks,2.4
09:40,fruit,3.4
09:40,spices,1.0
09:41,checkout,1.6
09:41,dairy,3.8
09:41,drinks,2.2
09:41,fruit,3.8
09:41,spices,1.0
09:42,checkout,1.8
09:42,dairy,2.2
09:42,drinks,3.0
09:42,fruit,4.2
09:42,spices,0.6
09:43,checkout,1.6
09:43,dairy,1.6
09:43,drinks,3.0
09:43,fruit,4.2
09:43,spices,0.8
09:44,checkout,2.4
09:44,dairy,1.0
09:44,drinks,2.0
09:44,fruit,3.2
09:44,spices,1.0
09:45,checkout,2.0
09:45,dairy,1.4
09:45,drinks,2.2
09:45,fruit,2.2
09:45,spices,0.8
09:46,checkout,1.6
09:46,dairy,2.0
09:46,drinks,1.6
09:46,fruit,3.0
09:46,spices,0.2
09:47,checkout,1.0
09:47,dairy,2.2
09:47,drinks,1.0
09:47,fruit,3.0
09:47,spices,0.2
09:48,checkout,1.4
09:48,dairy,2.0
09:48,drinks,1.4
09:48,fruit,3.0
09:48,spices,1.2
09:49,checkout,1.4
09:49,dairy,2.2
09:49,drinks,1.2
09:49,fruit,2.8
09:49,spices,0.8
09:50,checkout,0.2
09:50,dairy,2.4
09:50,drinks,1.8
09:50,fruit,2.4
09:50,spices,0.6
09:51,checkout,0.6
09:51,dairy,2.2
09:51,drinks,1.4
09:51,fruit,2.4
09:51,spices,1.4
09:52,checkout,1.2
09:52,dairy,2.2
09:52,drinks,1.8
09:52,fruit,1.8
09:52,spices,1.4
09:53,checkout,0.8
09:53,dairy,3.0
09:53,drinks,2.2
09:53,fruit,1.2
09:53,spices,1.0
09:54,checkout,1.0
09:54,dairy,3.0
09:54,drinks,1.2
09:54,fruit,2.2
09:54,spices,1.2
09:55,checkout,1.2
09:55,dairy,3.2
09:55,drinks,2.8
09:55,fruit,1.8
09:55,spices,0.6
09:56,checkout,1.4
09:56,dairy,3.0
09:56,drinks,2.8
09:56,fruit,2.0
09:56,spices,0.4
09:57,checkout,1.0
09:57,dairy,3.8
09:57,drinks,3.2
09:57,fruit,2.6
09:57,spices,0.6
09:58,checkout,1.6
09:58,dairy,3.4
09:58,drinks,1.8
09:58,fruit,3.6
09:58,spices,1.2
09:59,checkout,0.4
09:59,dairy,4.8
09:59,drinks,2.2
09:59,fruit,5.0
09:59,spices,1.2
10:00,checkout,1.2
10:00,dairy,5.2
10:00,drinks,1.8
10:00,fruit,4.8
10:00,spices,1.2
10:01,checkout,1.6
10:01,dairy,5.6
10:01,drinks,2.2
10:01,fruit,4.2
10:01,spices,1.8
10:02,checkout,1.4
10:02,dairy,7.2
10:02,drinks,2.0
10:02,fruit,3.0
10:02,spices,2.2
10:03,checkout,3.8
10:03,dairy,6.0
10:03,drinks,1.6
10:03,fruit,2.0
10:03,spices,1.6
10:04,checkout,0.8
10:04,dairy,6.0
10:04,drinks,2.2
10:04,fruit,2.2
10:04,spices,1.6
10:05,checkout,1.0
10:05,dairy,5.6
10:05,drinks,2.6
10:05,fruit,3.2
10:05,spices,2.4
10:06,checkout,1.4
10:06,dairy,5.8
10:06,drinks,1.6
10:06,fruit,3.0
10:06,spices,2.4
10:07,checkout,3.2
10:07,dairy,6.2
10:07,drinks,1.6
10:07,fruit,2.2
10:07,spices,1.6
10:08,checkout,1.8
10:08,dairy,6.2
10:08,drinks,1.2
10:08,fruit,2.2
10:08,spices,1.6
10:09,checkout,2.8
10:09,dairy,5.4
10:09,drinks,1.4
10:09,fruit,1.4
10:09,spices,1.4
10:10,checkout,1.6
10:10,dairy,5.0
10:10,drinks,1.0
10:10,fruit,2.6
10:10,spices,1.2
10:11,checkout,1.0
10:11,dairy,5.4
10:11,drinks,1.4
10:11,fruit,1.6
10:11,spices,1.4
10:12,checkout,0.4
10:12,dairy,4.8
10:12,drinks,1.6
10:12,fruit,2.6
10:12,spices,1.4
10:13,checkout,1.2
10:13,dairy,4.4
10:13,drinks,1.4
10:13,fruit,3.4
10:13,spices,1.4
10:14,checkout,1.4
10:14,dairy,4.0
10:14,drinks,1.4
10:14,fruit,3.8
10:14,spices,0.8
10:15,checkout,1.2
10:15,dairy,4.8
10:15,drinks,1.4
10:15,fruit,2.8
10:15,spices,1.2
10:16,checkout,1.2
10:16,dairy,4.8
10:16,drinks,1.4
10:16,fruit,3.6
10:16,spices,1.4
10:17,checkout,1.6
10:17,dairy,4.0
10:17,drinks,2.0
10:17,fruit,3.4
10:17,spices,2.2
10:18,checkout,1.0
10:18,dairy,3.4
10:18,drinks,1.8
10:18,fruit,4.2
10:18,spices,2.0
10:19,checkout,2.2
10:19,dairy,4.0
10:19,drinks,2.0
10:19,fruit,2.4
10:19,spices,1.8
10:20,checkout,2.6
10:20,dairy,4.2
10:20,drinks,1.2
10:20,fruit,1.4
10:20,spices,2.2
10:21,checkout,1.2
10:21,dairy,4.8
10:21,drinks,1.8
10:21,fruit,1.8
10:21,spices,1.2
10:22,checkout,0.8
10:22,dairy,5.2
10:22,drinks,2.2
10:22,fruit,2.0
10:22,spices,0.8
10:23,checkout,1.8
10:23,dairy,6.4
10:23,drinks,0.6
10:23,fruit,2.6
10:23,spices,1.6
10:24,checkout,1.8
10:24,dairy,6.2
10:24,drinks,0.8
10:24,fruit,2.6
10:24,spices,1.0
10:25,checkout,1.0
10:25,dairy,5.6
10:25,drinks,0.2
10:25,fruit,3.8
10:25,spices,0.6
10:26,checkout,1.6
10:26,dairy,5.0
10:26,drinks,1.0
10:26,fruit,3.4
10:26,spices,1.0
10:27,checkout,2.2
10:27,dairy,5.4
10:27,drinks,2.2
10:27,fruit,1.2
10:27,spices,1.6
10:28,checkout,1.6
10:28,dairy,3.8
10:28,drinks,2.8
10:28,fruit,1.8
10:28,spices,1.4
10:29,checkout,1.8
10:29,dairy,3.4
10:29,drinks,1.4
10:29,fruit,2.4
10:29,spices,1.4
10:30,checkout,1.2
10:30,dairy,3.2
10:30,drinks,2.0
10:30,fruit,2.0
10:30,spices,1.2
10:31,checkout,1.2
10:31,dairy,3.8
10:31,drinks,2.0
10:31,fruit,2.4
10:31,spices,1.0
10:32,checkout,1.6
10:32,dairy,3.0
10:32,drinks,2.2
10:32,fruit,2.4
10:32,spices,1.0
10:33,checkout,1.2
10:33,dairy,2.8
10:33,drinks,2.2
10:33,fruit,1.8
10:33,spices,1.4
10:34,checkout,1.4
10:34,dairy,2.8
10:34,drinks,1.4
10:34,fruit,2.0
10:34,spices,1.6
10:35,checkout,2.2
10:35,dairy,3.6
10:35,drinks,1.2
10:35,fruit,1.8
10:35,spices,0.8
10:36,checkout,1.8
10:36,dairy,3.4
10:36,drinks,0.6
10:36,fruit,1.2
10:36,spices,1.8
10:37,checkout,0.6
10:37,dairy,3.2
10:37,drinks,1.0
10:37,fruit,2.4
10:37,spices,1.0
10:38,checkout,0.8
10:38,dairy,3.0
10:38,drinks,1.6
10:38,fruit,3.2
10:38,spices,0.6
10:39,checkout,2.0
10:39,dairy,3.0
10:39,drinks,1.2
10:39,fruit,2.0
10:39,spices,1.2
10:40,checkout,2.0
10:40,dairy,3.2
10:40,drinks,0.8
10:40,fruit,1.8
10:40,spices,1.6
10:41,checkout,0.6
10:41,dairy,4.2
10:41,drinks,1.2
10:41,fruit,1.4
10:41,spices,1.8
10:42,checkout,0.8
10:42,dairy,4.0
10:42,drinks,1.2
10:42,fruit,2.0
10:42,spices,1.8
10:43,checkout,1.0
10:43,dairy,3.4
10:43,drinks,2.0
10:43,fruit,1.4
10:43,spices,1.2
10:44,checkout,1.8
10:44,dairy,3.6
10:44,drinks,1.2
10:44,fruit,1.2
10:44,spices,1.6
10:45,checkout,0.6
10:45,dairy,2.4
10:45,drinks,1.2
10:45,fruit,1.8
10:45,spices,1.6
10:46,checkout,1.4
10:46,dairy,2.4
10:46,drinks,1.8
10:46,fruit,1.2
10:46,spices,1.0
10:47,checkout,0.8
10:47,dairy,2.6
10:47,drinks,1.2
10:47,fruit,2.0
10:47,spices,2.0
10:48,checkout,1.2
10:48,dairy,2.6
10:48,drinks,1.4
10:48,fruit,1.6
10:48,spices,1.6
10:49,checkout,1.2
10:49,dairy,2.2
10:49,drinks,1.8
10:49,fruit,2.4
10:49,spices,0.8
10:50,checkout,1.0
10:50,dairy,2.8
10:50,drinks,1.8
10:50,fruit,2.0
10:50,spices,1.6
10:51,checkout,2.0
10:51,dairy,3.4
10:51,drinks,1.2
10:51,fruit,1.4
10:51,spices,1.2
10:52,checkout,0.6
10:52,dairy,3.6
10:52,drinks,1.2
10:52,fruit,1.2
10:52,spices,0.8
10:53,checkout,1.2
10:53,dairy,3.2
10:53,drinks,1.2
10:53,fruit,1.0
10:53,spices,1.4
10:54,checkout,2.0
10:54,dairy,2.4
10:54,drinks,1.0
10:54,fruit,1.0
10:54,spices,1.4
10:55,checkout,0.8
10:55,dairy,2.6
10:55,drinks,1.0
10:55,fruit,1.0
10:55,spices,0.6
10:56,checkout,0.4
10:56,dairy,2.4
10:56,drinks,1.6
10:56,fruit,1.6
10:56,spices,1.0
10:57,checkout,0.8
10:57,dairy,2.2
10:57,drinks,1.8
10:57,fruit,1.6
10:57,spices,1.2
10:58,checkout,1.4
10:58,dairy,3.6
10:58,drinks,1.0
10:58,fruit,2.0
10:58,spices,1.2
10:59,checkout,1.6
10:59,dairy,3.2
10:59,drinks,1.2
10:59,fruit,1.6
10:59,spices,0.8
11:00,checkout,0.8
11:00,dairy,3.2
11:00,drinks,1.6
11:00,fruit,1.6
11:00,spices,1.0
11:01,checkout,1.4
11:01,dairy,3.4
11:01,drinks,2.2
11:01,fruit,1.8
11:01,spices,0.6
11:02,checkout,1.6
11:02,dairy,4.2
11:02,drinks,1.4
11:02,fruit,2.4
11:02,spices,0.6
11:03,checkout,1.0
11:03,dairy,3.6
11:03,drinks,2.4
11:03,fruit,1.6
11:03,spices,0.8
11:04,checkout,1.0
11:04,dairy,3.2
11:04,drinks,2.0
11:04,fruit,1.6
11:04,spices,0.6
11:05,checkout,2.2
11:05,dairy,2.6
11:05,drinks,1.8
11:05,fruit,0.6
11:05,spices,1.4
11:06,checkout,0.8
11:06,dairy,2.2
11:06,drinks,2.2
11:06,fruit,1.6
11:06,spices,1.2
11:07,checkout,1.6
11:07,dairy,2.4
11:07,drinks,2.2
11:07,fruit,2.4
11:07,spices,1.0
11:08,checkout,0.8
11:08,dairy,1.8
11:08,drinks,2.0
11:08,fruit,3.4
11:08,spices,1.2
11:09,checkout,1.4
11:09,dairy,1.6
11:09,drinks,2.0
11:09,fruit,3.4
11:09,spices,1.8
11:10,checkout,0.8
11:10,dairy,1.6
11:10,drinks,2.0
11:10,fruit,3.2
11:10,spices,1.6
11:11,checkout,1.8
11:11,dairy,1.8
11:11,drinks,1.4
11:11,fruit,2.0
11:11,spices,1.8
11:12,checkout,0.6
11:12,dairy,1.8
11:12,drinks,1.2
11:12,fruit,1.6
11:12,spices,2.2
11:13,checkout,1.4
11:13,dairy,2.2
11:13,drinks,1.0
11:13,fruit,1.8
11:13,spices,0.6
11:14,checkout,0.6
11:14,dairy,2.6
11:14,drinks,1.2
11:14,fruit,1.6
11:14,spices,0.2
11:15,checkout,0.8
11:15,dairy,2.2
11:15,drinks,1.6
11:15,fruit,1.4
11:15,spices,0.2
11:16,checkout,0.6
11:16,dairy,2.4
11:16,drinks,1.2
11:16,fruit,1.0
11:16,spices,0.8
11:17,checkout,0.4
11:17,dairy,2.4
11:17,drinks,1.0
11:17,fruit,1.4
11:17,spices,1.4
11:18,checkout,1.2
11:18,dairy,1.8
11:18,drinks,0.8
11:18,fruit,2.0
11:18,spices,0.6
11:19,checkout,0.4
11:19,dairy,1.6
11:19,drinks,0.8
11:19,fruit,2.8
11:19,spices,1.4
11:20,checkout,1.6
11:20,dairy,1.6
11:20,drinks,1.2
11:20,fruit,2.4
11:20,spices,1.0
11:21,checkout,1.4
11:21,dairy,1.4
11:21,drinks,0.4
11:21,fruit,2.2
11:21,spices,2.2
11:22,checkout,1.6
11:22,dairy,1.8
11:22,drinks,1.0
11:22,fruit,2.2
11:22,spices,1.2
11:23,checkout,2.0
11:23,dairy,1.6
11:23,drinks,1.2
11:23,fruit,1.6
11:23,spices,0.8
11:24,checkout,1.4
11:24,dairy,1.8
11:24,drinks,1.2
11:24,fruit,1.6
11:24,spices,1.4
11:25,checkout,2.0
11:25,dairy,2.0
11:25,drinks,1.2
11:25,fruit,0.4
11:25,spices,1.4
11:26,checkout,0.8
11:26,dairy,2.0
11:26,drinks,1.0
11:26,fruit,0.6
11:26,spices,0.8
11:27,checkout,0.4
11:27,dairy,3.0
11:27,drinks,1.4
11:27,fruit,1.4
11:27,spices,0.6
11:28,checkout,1.0
11:28,dairy,2.8
11:28,drinks,1.2
11:28,fruit,2.2
11:28,spices,1.0
11:29,checkout,1.0
11:29,dairy,3.0
11:29,drinks,1.8
11:29,fruit,0.8
11:29,spices,0.8
11:30,checkout,1.2
11:30,dairy,3.0
11:30,drinks,1.2
11:30,fruit,1.0
11:30,spices,0.6
11:31,checkout,0.8
11:31,dairy,2.6
11:31,drinks,1.4
11:31,fruit,1.2
11:31,spices,0.2
11:32,checkout,0.8
11:32,dairy,2.6
11:32,drinks,1.2
11:32,fruit,1.4
11:32,spices,0.6
11:33,checkout,1.4
11:33,dairy,2.0
11:33,drinks,0.8
11:33,fruit,1.4
11:33,spices,1.2
11:34,checkout,1.2
11:34,dairy,2.6
11:34,drinks,0.4
11:34,fruit,1.2
11:34,spices,1.2
11:35,checkout,0.8
11:35,dairy,2.2
11:35,drinks,0.8
11:35,fruit,1.2
11:35,spices,0.4
11:36,checkout,0.8
11:36,dairy,1.6
11:36,drinks,0.8
11:36,fruit,0.8
11:36,spices,0.6
11:37,checkout,0.8
11:37,dairy,1.8
11:37,drinks,1.0
11:37,fruit,0.8
11:37,spices,0.4
11:38,checkout,1.0
11:38,dairy,2.8
11:38,drinks,1.0
11:38,fruit,1.8
11:38,spices,0.4
11:39,checkout,0.6
11:39,dairy,3.8
11:39,drinks,1.0
11:39,fruit,2.0
11:39,spices,0.6
11:40,checkout,1.0
11:40,dairy,3.8
11:40,drinks,0.8
11:40,fruit,1.8
11:40,spices,0.6
11:41,checkout,1.0
11:41,dairy,3.8
11:41,drinks,1.2
11:41,fruit,1.6
11:41,spices,1.0
11:42,checkout,1.0
11:42,dairy,3.4
11:42,drinks,1.4
11:42,fruit,1.6
11:42,spices,1.2
11:43,checkout,0.8
11:43,dairy,3.8
11:43,drinks,1.4
11:43,fruit,2.2
11:43,spices,1.2
11:44,checkout,1.6
11:44,dairy,4.4
11:44,drinks,1.0
11:44,fruit,1.4
11:44,spices,0.6
11:45,checkout,0.4
11:45,dairy,4.2
11:45,drinks,1.2
11:45,fruit,2.2
11:45,spices,0.4
11:46,checkout,0.6
11:46,dairy,3.6
11:46,drinks,1.2
11:46,fruit,3.2
11:46,spices,1.6
11:47,checkout,2.0
11:47,dairy,3.0
11:47,drinks,1.6
11:47,fruit,2.6
11:47,spices,1.0
11:48,checkout,0.8
11:48,dairy,2.8
11:48,drinks,1.8
11:48,fruit,3.0
11:48,spices,1.0
11:49,checkout,1.0
11:49,dairy,2.4
11:49,drinks,1.2
11:49,fruit,4.4
11:49,spices,1.0
11:50,checkout,1.4
11:50,dairy,3.4
11:50,drinks,1.2
11:50,fruit,2.8
11:50,spices,0.8
11:51,checkout,1.0
11:51,dairy,4.6
11:51,drinks,1.0
11:51,fruit,2.4
11:51,spices,0.6
11:52,checkout,1.4
11:52,dairy,4.0
11:52,drinks,1.6
11:52,fruit,3.0
11:52,spices,0.8
11:53,checkout,1.2
11:53,dairy,4.2
11:53,drinks,2.0
11:53,fruit,3.6
11:53,spices,1.0
11:54,checkout,2.6
11:54,dairy,3.0
11:54,drinks,1.6
11:54,fruit,2.6
11:54,spices,1.0
11:55,checkout,1.0
11:55,dairy,3.4
11:55,drinks,0.8
11:55,fruit,3.0
11:55,spices,1.2
11:56,checkout,1.0
11:56,dairy,4.4
11:56,drinks,1.8
11:56,fruit,1.8
11:56,spices,0.6
11:57,checkout,2.4
11:57,dairy,2.2
11:57,drinks,1.0
11:57,fruit,2.0
11:57,spices,1.0
11:58,checkout,1.2
11:58,dairy,2.2
11:58,drinks,0.6
11:58,fruit,2.0
11:58,spices,1.2
11:59,checkout,1.2
11:59,dairy,2.2
11:59,drinks,0.8
11:59,fruit,2.2
11:59,spices,0.4
12:00,checkout,1.0
12:00,dairy,2.8
12:00,drinks,0.6
12:00,fruit,2.6
12:00,spices,0.4
12:01,checkout,0.6
12:01,dairy,3.0
12:01,drinks,1.0
12:01,fruit,2.2
12:01,spices,0.6
12:02,checkout,1.2
12:02,dairy,2.8
12:02,drinks,2.0
12:02,fruit,2.0
12:02,spices,1.0
12:03,checkout,1.6
12:03,dairy,3.0
12:03,drinks,2.0
12:03,fruit,1.8
12:03,spices,0.4
12:04,checkout,0.6
12:04,dairy,3.8
12:04,drinks,2.2
12:04,fruit,2.0
12:04,spices,1.4
12:05,checkout,1.8
12:05,dairy,3.6
12:05,drinks,2.4
12:05,fruit,2.0
12:05,spices,1.4
12:06,checkout,1.6
12:06,dairy,4.0
12:06,drinks,2.4
12:06,fruit,1.4
12:06,spices,0.8
12:07,checkout,1.4
12:07,dairy,3.6
12:07,drinks,2.6
12:07,fruit,1.8
12:07,spices,1.0
12:08,checkout,2.4
12:08,dairy,3.0
12:08,drinks,1.4
12:08,fruit,1.8
12:08,spices,1.2
12:09,checkout,1.0
12:09,dairy,2.6
12:09,drinks,2.0
12:09,fruit,1.2
12:09,spices,2.0
12:10,checkout,0.4
12:10,dairy,2.6
12:10,drinks,3.0
12:10,fruit,1.0
12:10,spices,1.2
12:11,checkout,1.8
12:11,dairy,1.8
12:11,drinks,2.2
12:11,fruit,2.0
12:11,spices,1.4
12:12,checkout,1.2
12:12,dairy,2.0
12:12,drinks,2.2
12:12,fruit,2.8
12:12,spices,1.4
12:13,checkout,1.6
12:13,dairy,3.8
12:13,drinks,1.8
12:13,fruit,2.2
12:13,spices,1.6
12:14,checkout,1.0
12:14,dairy,3.6
12:14,drinks,1.6
12:14,fruit,2.4
12:14,spices,1.4
12:15,checkout,1.8
12:15,dairy,3.4
12:15,drinks,2.2
12:15,fruit,2.0
12:15,spices,1.2
12:16,checkout,0.8
12:16,dairy,4.4
12:16,drinks,2.0
12:16,fruit,2.4
12:16,spices,0.2
12:17,checkout,2.2
12:17,dairy,4.2
12:17,drinks,1.0
12:17,fruit,2.6
12:17,spices,1.2
12:18,checkout,1.6
12:18,dairy,2.8
12:18,drinks,1.6
12:18,fruit,2.4
12:18,spices,0.8
12:19,checkout,1.2
12:19,dairy,2.4
12:19,drinks,1.2
12:19,fruit,3.4
12:19,spices,1.0
12:20,checkout,1.8
12:20,dairy,1.8
12:20,drinks,1.2
12:20,fruit,3.0
12:20,spices,0.2
12:21,checkout,1.4
12:21,dairy,2.8
12:21,drinks,0.8
12:21,fruit,2.0
12:21,spices,0.6
12:22,checkout,0.8
12:22,dairy,3.2
12:22,drinks,1.4
12:22,fruit,1.8
12:22,spices,0.8
12:23,checkout,1.4
12:23,dairy,3.0
12:23,drinks,1.4
12:23,fruit,1.6
12:23,spices,0.6
12:24,checkout,1.2
12:24,dairy,3.2
12:24,drinks,1.2
12:24,fruit,1.6
12:24,spices,0.4
12:25,checkout,0.8
12:25,dairy,3.0
12:25,drinks,1.6
12:25,fruit,1.6
12:25,spices,0.4
12:26,checkout,1.0
12:26,dairy,2.0
12:26,drinks,2.0
12:26,fruit,2.2
12:26,spices,1.0
12:27,checkout,2.0
12:27,dairy,2.2
12:27,drinks,1.8
12:27,fruit,1.8
12:27,spices,1.0
12:28,checkout,2.2
12:28,dairy,2.8
12:28,drinks,1.0
12:28,fruit,1.6
12:28,spices,1.2
12:29,checkout,0.8
12:29,dairy,2.6
12:29,drinks,1.0
12:29,fruit,1.2
12:29,spices,1.4
12:30,checkout,1.4
12:30,dairy,2.8
12:30,drinks,1.0
12:30,fruit,1.2
12:30,spices,1.0
12:31,checkout,1.0
12:31,dairy,2.2
12:31,drinks,1.4
12:31,fruit,1.6
12:31,spices,1.0
12:32,checkout,0.6
12:32,dairy,2.2
12:32,drinks,1.0
12:32,fruit,2.2
12:32,spices,1.2
12:33,checkout,0.8
12:33,dairy,2.4
12:33,drinks,1.0
12:33,fruit,2.0
12:33,spices,0.8
12:34,checkout,0.6
12:34,dairy,2.4
12:34,drinks,1.2
12:34,fruit,2.0
12:34,spices,0.4
12:35,checkout,1.0
12:35,dairy,2.8
12:35,drinks,1.8
12:35,fruit,1.2
12:35,spices,0.4
12:36,checkout,1.0
12:36,dairy,2.6
12:36,drinks,1.6
12:36,fruit,1.2
12:36,spices,1.0
12:37,checkout,1.4
12:37,dairy,2.2
12:37,drinks,1.6
12:37,fruit,2.0
12:37,spices,1.6
12:38,checkout,1.0
12:38,dairy,2.0
12:38,drinks,2.0
12:38,fruit,2.4
12:38,spices,1.2
12:39,checkout,1.2
12:39,dairy,2.8
12:39,drinks,2.8
12:39,fruit,1.6
12:39,spices,1.4
12:40,checkout,1.8
12:40,dairy,3.0
12:40,drinks,1.8
12:40,fruit,2.4
12:40,spices,1.4
12:41,checkout,1.2
12:41,dairy,2.4
12:41,drinks,2.8
12:41,fruit,2.0
12:41,spices,2.0
12:42,checkout,1.8
12:42,dairy,2.6
12:42,drinks,2.6
12:42,fruit,2.6
12:42,spices,1.4
12:43,checkout,2.2
12:43,dairy,2.4
12:43,drinks,2.0
12:43,fruit,2.8
12:43,spices,1.4
12:44,checkout,2.0
12:44,dairy,2.2
12:44,drinks,0.8
12:44,fruit,2.2
12:44,spices,2.0
12:45,checkout,1.8
12:45,dairy,2.2
12:45,drinks,1.2
12:45,fruit,2.6
12:45,spices,0.8
12:46,checkout,1.0
12:46,dairy,2.8
12:46,drinks,0.4
12:46,fruit,2.4
12:46,spices,1.8
12:47,checkout,0.6
12:47,dairy,4.0
12:47,drinks,0.4
12:47,fruit,2.8
12:47,spices,0.8
12:48,checkout,1.2
12:48,dairy,3.8
12:48,drinks,0.6
12:48,fruit,2.6
12:48,spices,1.6
12:49,checkout,1.2
12:49,dairy,4.0
12:49,drinks,1.2
12:49,fruit,1.8
12:49,spices,1.4
12:50,checkout,2.6
12:50,dairy,3.8
12:50,drinks,0.8
12:50,fruit,1.2
12:50,spices,0.8
12:51,checkout,0.6
12:51,dairy,3.8
12:51,drinks,1.2
12:51,fruit,1.4
12:51,spices,0.4
12:52,checkout,0.2
12:52,dairy,4.4
12:52,drinks,1.0
12:52,fruit,1.8
12:52,spices,0.6
12:53,checkout,0.6
12:53,dairy,4.0
12:53,drinks,0.6
12:53,fruit,2.2
12:53,spices,1.2
12:54,checkout,0.4
12:54,dairy,3.6
12:54,drinks,1.8
12:54,fruit,3.0
12:54,spices,1.6
12:55,checkout,1.8
12:55,dairy,4.2
12:55,drinks,2.4
12:55,fruit,2.4
12:55,spices,0.8
12:56,checkout,2.2
12:56,dairy,3.6
12:56,drinks,1.4
12:56,fruit,2.0
12:56,spices,1.4
12:57,checkout,1.2
12:57,dairy,4.0
12:57,drinks,1.2
12:57,fruit,2.4
12:57,spices,0.8
12:58,checkout,1.6
12:58,dairy,3.8
12:58,drinks,1.2
12:58,fruit,1.4
12:58,spices,1.2
12:59,checkout,0.6
12:59,dairy,3.4
12:59,drinks,1.4
12:59,fruit,1.4
12:59,spices,1.8
13:00,checkout,1.2
13:00,dairy,4.4
13:00,drinks,1.8
13:00,fruit,1.8
13:00,spices,1.0
13:01,checkout,1.6
13:01,dairy,4.0
13:01,drinks,1.8
13:01,fruit,1.4
13:01,spices,1.0
13:02,checkout,2.0
13:02,dairy,2.8
13:02,drinks,2.2
13:02,fruit,1.8
13:02,spices,0.6
13:03,checkout,1.0
13:03,dairy,2.8
13:03,drinks,1.8
13:03,fruit,1.2
13:03,spices,0.8
13:04,checkout,0.8
13:04,dairy,2.8
13:04,drinks,1.0
13:04,fruit,2.4
13:04,spices,0.6
13:05,checkout,0.6
13:05,dairy,3.0
13:05,drinks,2.0
13:05,fruit,2.8
13:05,spices,0.8
13:06,checkout,1.2
13:06,dairy,3.4
13:06,drinks,2.4
13:06,fruit,2.8
13:06,spices,1.0
13:07,checkout,2.4
13:07,dairy,3.2
13:07,drinks,2.6
13:07,fruit,2.6
13:07,spices,1.2
13:08,checkout,1.6
13:08,dairy,3.4
13:08,drinks,1.6
13:08,fruit,2.0
13:08,spices,1.6
13:09,checkout,1.4
13:09,dairy,2.6
13:09,drinks,1.2
13:09,fruit,3.4
13:09,spices,1.8
13:10,checkout,1.8
13:10,dairy,4.0
13:10,drinks,1.2
13:10,fruit,5.0
13:10,spices,1.8
13:11,checkout,1.6
13:11,dairy,4.4
13:11,drinks,2.0
13:11,fruit,3.6
13:11,spices,1.6
13:12,checkout,1.8
13:12,dairy,4.0
13:12,drinks,2.8
13:12,fruit,3.0
13:12,spices,2.2
13:13,checkout,1.2
13:13,dairy,4.6
13:13,drinks,2.4
13:13,fruit,3.4
13:13,spices,1.2
13:14,checkout,1.8
13:14,dairy,4.4
13:14,drinks,1.8
13:14,fruit,3.8
13:14,spices,1.2
13:15,checkout,1.8
13:15,dairy,4.6
13:15,drinks,2.0
13:15,fruit,4.4
13:15,spices,1.2
13:16,checkout,2.2
13:16,dairy,5.2
13:16,drinks,1.2
13:16,fruit,5.2
13:16,spices,1.8
13:17,checkout,1.6
13:17,dairy,4.8
13:17,drinks,2.2
13:17,fruit,4.6
13:17,spices,1.8
13:18,checkout,1.6
13:18,dairy,5.4
13:18,drinks,2.2
13:18,fruit,5.0
13:18,spices,2.0
13:19,checkout,0.8
13:19,dairy,5.6
13:19,drinks,2.8
13:19,fruit,5.4
13:19,spices,1.6
13:20,checkout,1.6
13:20,dairy,5.4
13:20,drinks,3.2
13:20,fruit,5.6
13:20,spices,2.0
13:21,checkout,2.8
13:21,dairy,5.2
13:21,drinks,3.8
13:21,fruit,4.2
13:21,spices,1.6
13:22,checkout,2.2
13:22,dairy,5.0
13:22,drinks,3.0
13:22,fruit,5.0
13:22,spices,1.6
13:23,checkout,2.4
13:23,dairy,5.2
13:23,drinks,2.4
13:23,fruit,3.8
13:23,spices,1.2
13:24,checkout,2.0
13:24,dairy,4.4
13:24,drinks,2.0
13:24,fruit,3.8
13:24,spices,2.2
13:25,checkout,2.0
13:25,dairy,4.4
13:25,drinks,2.4
13:25,fruit,3.6
13:25,spices,2.4
13:26,checkout,2.2
13:26,dairy,4.8
13:26,drinks,2.4
13:26,fruit,3.2
13:26,spices,2.8
13:27,checkout,1.8
13:27,dairy,4.0
13:27,drinks,3.2
13:27,fruit,3.0
13:27,spices,2.8
13:28,checkout,1.6
13:28,dairy,5.0
13:28,drinks,2.2
13:28,fruit,3.2
13:28,spices,2.4
13:29,checkout,2.6
13:29,dairy,4.6
13:29,drinks,2.0
13:29,fruit,3.8
13:29,spices,1.6
13:30,checkout,2.4
13:30,dairy,4.4
13:30,drinks,1.4
13:30,fruit,4.4
13:30,spices,1.8
13:31,checkout,2.6
13:31,dairy,4.8
13:31,drinks,1.4
13:31,fruit,4.2
13:31,spices,1.8
13:32,checkout,2.4
13:32,dairy,5.0
13:32,drinks,2.0
13:32,fruit,3.0
13:32,spices,1.2
13:33,checkout,2.6
13:33,dairy,4.0
13:33,drinks,1.4
13:33,fruit,2.8
13:33,spices,1.0
13:34,checkout,0.8
13:34,dairy,4.8
13:34,drinks,0.8
13:34,fruit,3.6
13:34,spices,2.0
13:35,checkout,2.2
13:35,dairy,4.6
13:35,drinks,1.2
13:35,fruit,3.0
13:35,spices,2.2
13:36,checkout,1.0
13:36,dairy,4.8
13:36,drinks,2.0
13:36,fruit,2.4
13:36,spices,1.6
13:37,checkout,1.8
13:37,dairy,4.6
13:37,drinks,1.8
13:37,fruit,3.8
13:37,spices,1.4
13:38,checkout,1.2
13:38,dairy,5.2
13:38,drinks,2.2
13:38,fruit,3.4
13:38,spices,1.6
13:39,checkout,2.0
13:39,dairy,5.2
13:39,drinks,1.2
13:39,fruit,4.2
13:39,spices,0.6
13:40,checkout,2.2
13:40,dairy,5.4
13:40,drinks,1.8
13:40,fruit,2.6
13:40,spices,0.2
13:41,checkout,0.8
13:41,dairy,5.2
13:41,drinks,2.0
13:41,fruit,2.8
13:41,spices,0.6
13:42,checkout,1.2
13:42,dairy,5.4
13:42,drinks,2.2
13:42,fruit,2.4
13:42,spices,0.6
13:43,checkout,1.4
13:43,dairy,4.2
13:43,drinks,1.8
13:43,fruit,3.4
13:43,spices,1.8
13:44,checkout,1.8
13:44,dairy,4.6
13:44,drinks,1.8
13:44,fruit,3.6
13:44,spices,0.4
13:45,checkout,1.0
13:45,dairy,4.2
13:45,drinks,2.4
13:45,fruit,3.4
13:45,spices,2.0
13:46,checkout,2.0
13:46,dairy,4.4
13:46,drinks,2.6
13:46,fruit,2.4
13:46,spices,2.0
13:47,checkout,2.2
13:47,dairy,3.6
13:47,drinks,1.0
13:47,fruit,3.6
13:47,spices,2.4
13:48,checkout,1.0
13:48,dairy,4.4
13:48,drinks,1.6
13:48,fruit,3.8
13:48,spices,1.6
13:49,checkout,2.0
13:49,dairy,3.8
13:49,drinks,1.4
13:49,fruit,3.4
13:49,spices,1.4
13:50,checkout,1.4
13:50,dairy,3.8
13:50,drinks,1.8
13:50,fruit,2.2
13:50,spices,1.6
13:51,checkout,1.8
13:51,dairy,3.8
13:51,drinks,1.6
13:51,fruit,3.0
13:51,spices,1.4
13:52,checkout,1.6
13:52,dairy,4.6
13:52,drinks,1.6
13:52,fruit,2.6
13:52,spices,1.8
13:53,checkout,1.6
13:53,dairy,5.6
13:53,drinks,1.6
13:53,fruit,1.4
13:53,spices,1.4
13:54,checkout,1.6
13:54,dairy,4.6
13:54,drinks,1.8
13:54,fruit,1.8
13:54,spices,2.0
13:55,checkout,1.4
13:55,dairy,4.2
13:55,drinks,2.2
13:55,fruit,2.4
13:55,spices,2.6
13:56,checkout,2.6
13:56,dairy,4.2
13:56,drinks,1.6
13:56,fruit,3.4
13:56,spices,1.8
13:57,checkout,1.4
13:57,dairy,4.2
13:57,drinks,2.2
13:57,fruit,3.2
13:57,spices,1.6
13:58,checkout,1.6
13:58,dairy,5.2
13:58,drinks,2.2
13:58,fruit,2.8
13:58,spices,1.6
13:59,checkout,2.0
13:59,dairy,5.0
13:59,drinks,1.2
13:59,fruit,3.0
13:59,spices,2.2
14:00,checkout,1.4
14:00,dairy,5.0
14:00,drinks,1.2
14:00,fruit,3.8
14:00,spices,1.6
14:01,checkout,1.4
14:01,dairy,4.8
14:01,drinks,1.8
14:01,fruit,2.6
14:01,spices,2.0
14:02,checkout,2.4
14:02,dairy,3.8
14:02,drinks,2.0
14:02,fruit,3.0
14:02,spices,1.2
14:03,checkout,1.8
14:03,dairy,3.2
14:03,drinks,2.4
14:03,fruit,2.2
14:03,spices,1.4
14:04,checkout,1.0
14:04,dairy,4.2
14:04,drinks,2.0
14:04,fruit,2.4
14:04,spices,1.4
14:05,checkout,2.0
14:05,dairy,3.4
14:05,drinks,1.6
14:05,fruit,2.2
14:05,spices,2.2
14:06,checkout,1.0
14:06,dairy,4.2
14:06,drinks,2.2
14:06,fruit,2.4
14:06,spices,1.2
14:07,checkout,1.8
14:07,dairy,3.6
14:07,drinks,2.2
14:07,fruit,2.6
14:07,spices,1.2
14:08,checkout,2.6
14:08,dairy,3.8
14:08,drinks,1.8
14:08,fruit,2.2
14:08,spices,1.0
14:09,checkout,1.6
14:09,dairy,4.0
14:09,drinks,1.8
14:09,fruit,2.0
14:09,spices,1.6
14:10,checkout,1.0
14:10,dairy,4.4
14:10,drinks,2.0
14:10,fruit,2.4
14:10,spices,1.0
14:11,checkout,1.6
14:11,dairy,4.2
14:11,drinks,3.0
14:11,fruit,2.4
14:11,spices,1.2
14:12,checkout,1.6
14:12,dairy,3.4
14:12,drinks,3.2
14:12,fruit,2.2
14:12,spices,1.6
14:13,checkout,2.2
14:13,dairy,3.4
14:13,drinks,2.4
14:13,fruit,1.8
14:13,spices,2.0
14:14,checkout,1.8
14:14,dairy,3.6
14:14,drinks,2.2
14:14,fruit,1.8
14:14,spices,0.6
14:15,checkout,1.6
14:15,dairy,3.2
14:15,drinks,1.6
14:15,fruit,1.6
14:15,spices,1.4
14:16,checkout,1.2
14:16,dairy,3.6
14:16,drinks,1.0
14:16,fruit,2.6
14:16,spices,1.8
14:17,checkout,1.2
14:17,dairy,3.8
14:17,drinks,1.0
14:17,fruit,2.8
14:17,spices,2.2
14:18,checkout,1.8
14:18,dairy,3.4
14:18,drinks,1.4
14:18,fruit,2.0
14:18,spices,1.4
14:19,checkout,0.8
14:19,dairy,4.0
14:19,drinks,1.6
14:19,fruit,1.4
14:19,spices,1.4
14:20,checkout,1.2
14:20,dairy,3.6
14:20,drinks,1.6
14:20,fruit,3.0
14:20,spices,1.6
14:21,checkout,1.8
14:21,dairy,3.6
14:21,drinks,2.6
14:21,fruit,2.4
14:21,spices,1.2
14:22,checkout,1.8
14:22,dairy,4.8
14:22,drinks,2.0
14:22,fruit,2.4
14:22,spices,1.8
14:23,checkout,1.4
14:23,dairy,4.8
14:23,drinks,1.8
14:23,fruit,3.2
14:23,spices,2.4
14:24,checkout,2.0
14:24,dairy,5.2
14:24,drinks,2.0
14:24,fruit,3.8
14:24,spices,1.0
14:25,checkout,1.8
14:25,dairy,5.2
14:25,drinks,1.2
14:25,fruit,3.8
14:25,spices,1.4
14:26,checkout,1.4
14:26,dairy,4.2
14:26,drinks,1.6
14:26,fruit,3.0
14:26,spices,1.4
14:27,checkout,2.2
14:27,dairy,3.8
14:27,drinks,1.6
14:27,fruit,2.2
14:27,spices,2.2
14:28,checkout,0.4
14:28,dairy,4.6
14:28,drinks,2.0
14:28,fruit,2.8
14:28,spices,2.0
14:29,checkout,1.8
14:29,dairy,4.6
14:29,drinks,1.8
14:29,fruit,2.8
14:29,spices,2.8
14:30,checkout,2.4
14:30,dairy,5.0
14:30,drinks,1.0
14:30,fruit,4.0
14:30,spices,2.2
14:31,checkout,2.0
14:31,dairy,5.0
14:31,drinks,1.6
14:31,fruit,3.8
14:31,spices,1.0
14:32,checkout,2.0
14:32,dairy,4.2
14:32,drinks,1.4
14:32,fruit,4.2
14:32,spices,0.6
14:33,checkout,2.4
14:33,dairy,4.6
14:33,drinks,2.0
14:33,fruit,2.2
14:33,spices,0.4
14:34,checkout,1.0
14:34,dairy,5.2
14:34,drinks,2.0
14:34,fruit,2.2
14:34,spices,1.0
14:35,checkout,1.0
14:35,dairy,4.4
14:35,drinks,1.6
14:35,fruit,3.4
14:35,spices,1.2
14:36,checkout,1.4
14:36,dairy,4.4
14:36,drinks,1.4
14:36,fruit,3.8
14:36,spices,1.2
14:37,checkout,2.4
14:37,dairy,4.0
14:37,drinks,1.4
14:37,fruit,1.8
14:37,spices,1.6
14:38,checkout,1.0
14:38,dairy,4.6
14:38,drinks,1.6
14:38,fruit,2.2
14:38,spices,3.0
14:39,checkout,2.2
14:39,dairy,4.4
14:39,drinks,1.8
14:39,fruit,2.0
14:39,spices,1.6
14:40,checkout,0.8
14:40,dairy,4.6
14:40,drinks,2.2
14:40,fruit,3.2
14:40,spices,2.8
14:41,checkout,0.8
14:41,dairy,5.4
14:41,drinks,2.2
14:41,fruit,3.2
14:41,spices,2.8
14:42,checkout,2.2
14:42,dairy,5.4
14:42,drinks,2.8
14:42,fruit,2.8
14:42,spices,1.4
14:43,checkout,1.2
14:43,dairy,6.6
14:43,drinks,3.0
14:43,fruit,2.8
14:43,spices,2.0
14:44,checkout,1.8
14:44,dairy,5.6
14:44,drinks,3.8
14:44,fruit,3.0
14:44,spices,2.6
14:45,checkout,1.6
14:45,dairy,4.8
14:45,drinks,2.4
14:45,fruit,4.6
14:45,spices,4.2
14:46,checkout,2.2
14:46,dairy,6.2
14:46,drinks,3.0
14:46,fruit,3.6
14:46,spices,2.4
14:47,checkout,2.0
14:47,dairy,5.6
14:47,drinks,2.8
14:47,fruit,4.0
14:47,spices,1.4
14:48,checkout,3.4
14:48,dairy,4.6
14:48,drinks,2.6
14:48,fruit,3.6
14:48,spices,0.6
14:49,checkout,2.4
14:49,dairy,5.0
14:49,drinks,1.8
14:49,fruit,2.4
14:49,spices,0.2
14:50,checkout,1.6
14:50,dairy,4.2
14:50,drinks,1.4
14:50,fruit,2.0
14:50,spices,1.4
14:51,checkout,1.2
14:51,dairy,4.4
14:51,drinks,1.4
14:51,fruit,3.0
14:51,spices,1.6
14:52,checkout,0.6
14:52,dairy,4.6
14:52,drinks,2.6
14:52,fruit,3.8
14:52,spices,1.0
14:53,checkout,3.0
14:53,dairy,4.4
14:53,drinks,1.4
14:53,fruit,3.2
14:53,spices,0.8
14:54,checkout,1.8
14:54,dairy,3.8
14:54,drinks,1.4
14:54,fruit,1.8
14:54,spices,1.4
14:55,checkout,1.4
14:55,dairy,3.2
14:55,drinks,1.2
14:55,fruit,2.6
14:55,spices,1.8
14:56,checkout,1.8
14:56,dairy,3.2
14:56,drinks,2.2
14:56,fruit,1.4
14:56,spices,1.2
14:57,checkout,1.8
14:57,dairy,2.6
14:57,drinks,2.0
14:57,fruit,1.6
14:57,spices,1.0
14:58,checkout,1.4
14:58,dairy,3.2
14:58,drinks,1.8
14:58,fruit,1.2
14:58,spices,1.2
14:59,checkout,0.8
14:59,dairy,3.4
14:59,drinks,2.4
14:59,fruit,2.6
14:59,spices,0.8
15:00,checkout,2.0
15:00,dairy,3.8
15:00,drinks,2.0
15:00,fruit,2.6
15:00,spices,1.2
15:01,checkout,1.2
15:01,dairy,3.6
15:01,drinks,1.6
15:01,fruit,2.4
15:01,spices,1.6
15:02,checkout,1.6
15:02,dairy,3.6
15:02,drinks,1.2
15:02,fruit,2.8
15:02,spices,1.4
15:03,checkout,0.6
15:03,dairy,3.4
15:03,drinks,1.6
15:03,fruit,3.4
15:03,spices,1.6
15:04,checkout,1.4
15:04,dairy,4.0
15:04,drinks,1.6
15:04,fruit,3.0
15:04,spices,0.8
15:05,checkout,1.4
15:05,dairy,3.6
15:05,drinks,1.6
15:05,fruit,3.2
15:05,spices,1.2
15:06,checkout,1.2
15:06,dairy,4.4
15:06,drinks,1.4
15:06,fruit,3.4
15:06,spices,0.8
15:07,checkout,2.8
15:07,dairy,2.6
15:07,drinks,1.2
15:07,fruit,3.4
15:07,spices,1.0
15:08,checkout,2.0
15:08,dairy,2.6
15:08,drinks,1.2
15:08,fruit,3.8
15:08,spices,1.4
15:09,checkout,1.2
15:09,dairy,3.0
15:09,drinks,2.4
15:09,fruit,3.2
15:09,spices,1.4
15:10,checkout,1.2
15:10,dairy,2.4
15:10,drinks,3.0
15:10,fruit,4.0
15:10,spices,1.6
15:11,checkout,2.4
15:11,dairy,3.0
15:11,drinks,2.8
15:11,fruit,3.2
15:11,spices,0.6
15:12,checkout,1.4
15:12,dairy,4.0
15:12,drinks,2.0
15:12,fruit,3.2
15:12,spices,0.8
15:13,checkout,1.8
15:13,dairy,4.0
15:13,drinks,2.6
15:13,fruit,2.2
15:13,spices,0.6
15:14,checkout,1.4
15:14,dairy,3.8
15:14,drinks,1.6
15:14,fruit,2.8
15:14,spices,0.8
15:15,checkout,0.8
15:15,dairy,4.8
15:15,drinks,1.4
15:15,fruit,3.8
15:15,spices,0.2
15:16,checkout,1.2
15:16,dairy,4.2
15:16,drinks,1.4
15:16,fruit,3.0
15:16,spices,1.8
15:17,checkout,1.6
15:17,dairy,4.4
15:17,drinks,1.4
15:17,fruit,2.6
15:17,spices,1.2
15:18,checkout,1.2
15:18,dairy,4.8
15:18,drinks,1.2
15:18,fruit,2.8
15:18,spices,1.2
15:19,checkout,2.4
15:19,dairy,4.2
15:19,drinks,0.8
15:19,fruit,2.4
15:19,spices,1.4
15:20,checkout,1.2
15:20,dairy,3.6
15:20,drinks,1.8
15:20,fruit,3.0
15:20,spices,0.6
15:21,checkout,1.6
15:21,dairy,3.6
15:21,drinks,1.4
15:21,fruit,3.4
15:21,spices,0.2
15:22,checkout,2.4
15:22,dairy,3.6
15:22,drinks,1.0
15:22,fruit,1.8
15:22,spices,1.0
15:23,checkout,0.6
15:23,dairy,5.0
15:23,drinks,1.4
15:23,fruit,1.8
15:23,spices,0.8
15:24,checkout,0.8
15:24,dairy,4.4
15:24,drinks,1.2
15:24,fruit,3.2
15:24,spices,1.0
15:25,checkout,1.8
15:25,dairy,4.2
15:25,drinks,0.4
15:25,fruit,3.0
15:25,spices,1.6
15:26,checkout,1.4
15:26,dairy,3.4
15:26,drinks,0.8
15:26,fruit,2.8
15:26,spices,1.6
15:27,checkout,1.6
15:27,dairy,3.0
15:27,drinks,1.8
15:27,fruit,2.8
15:27,spices,1.0
15:28,checkout,1.2
15:28,dairy,2.8
15:28,drinks,2.8
15:28,fruit,2.6
15:28,spices,0.8
15:29,checkout,2.0
15:29,dairy,2.8
15:29,drinks,1.8
15:29,fruit,2.8
15:29,spices,1.2
15:30,checkout,2.0
15:30,dairy,2.6
15:30,drinks,1.2
15:30,fruit,2.4
15:30,spices,0.8
15:31,checkout,1.0
15:31,dairy,2.2
15:31,drinks,1.4
15:31,fruit,2.2
15:31,spices,0.4
15:32,checkout,0.4
15:32,dairy,2.0
15:32,drinks,1.8
15:32,fruit,1.8
15:32,spices,1.2
15:33,checkout,0.6
15:33,dairy,3.2
15:33,drinks,2.0
15:33,fruit,1.6
15:33,spices,1.0
15:34,checkout,1.0
15:34,dairy,4.2
15:34,drinks,2.0
15:34,fruit,1.8
15:34,spices,0.8
15:35,checkout,2.2
15:35,dairy,3.6
15:35,drinks,0.6
15:35,fruit,1.8
15:35,spices,1.0
15:36,checkout,0.8
15:36,dairy,2.6
15:36,drinks,0.6
15:36,fruit,3.2
15:36,spices,1.0
15:37,checkout,0.6
15:37,dairy,2.4
15:37,drinks,0.8
15:37,fruit,3.4
15:37,spices,0.8
15:38,checkout,1.2
15:38,dairy,1.8
15:38,drinks,0.8
15:38,fruit,3.2
15:38,spices,1.0
15:39,checkout,0.6
15:39,dairy,2.2
15:39,drinks,1.2
15:39,fruit,3.2
15:39,spices,0.4
15:40,checkout,0.8
15:40,dairy,2.4
15:40,drinks,1.4
15:40,fruit,3.0
15:40,spices,1.4
15:41,checkout,1.2
15:41,dairy,2.8
15:41,drinks,2.0
15:41,fruit,3.2
15:41,spices,1.4
15:42,checkout,1.4
15:42,dairy,2.6
15:42,drinks,3.2
15:42,fruit,2.4
15:42,spices,0.8
15:43,checkout,1.2
15:43,dairy,3.6
15:43,drinks,2.0
15:43,fruit,2.4
15:43,spices,1.0
15:44,checkout,2.0
15:44,dairy,3.2
15:44,drinks,1.4
15:44,fruit,2.8
15:44,spices,1.0
15:45,checkout,1.0
15:45,dairy,3.6
15:45,drinks,1.4
15:45,fruit,2.8
15:45,spices,2.0
15:46,checkout,1.8
15:46,dairy,4.8
15:46,drinks,1.0
15:46,fruit,2.0
15:46,spices,1.8
15:47,checkout,1.4
15:47,dairy,4.4
15:47,drinks,2.0
15:47,fruit,3.2
15:47,spices,0.6
15:48,checkout,2.0
15:48,dairy,3.4
15:48,drinks,1.4
15:48,fruit,2.8
15:48,spices,0.6
15:49,checkout,1.0
15:49,dairy,3.8
15:49,drinks,1.0
15:49,fruit,3.2
15:49,spices,0.6
15:50,checkout,1.4
15:50,dairy,3.6
15:50,drinks,1.4
15:50,fruit,2.6
15:50,spices,0.6
15:51,checkout,1.2
15:51,dairy,2.8
15:51,drinks,1.2
15:51,fruit,2.6
15:51,spices,0.8
15:52,checkout,1.8
15:52,dairy,2.2
15:52,drinks,1.4
15:52,fruit,1.8
15:52,spices,0.8
15:53,checkout,1.0
15:53,dairy,2.0
15:53,drinks,0.6
15:53,fruit,1.8
15:53,spices,1.2
15:54,checkout,1.4
15:54,dairy,2.8
15:54,drinks,0.6
15:54,fruit,2.0
15:54,spices,0.8
15:55,checkout,1.2
15:55,dairy,2.8
15:55,drinks,0.8
15:55,fruit,2.2
15:55,spices,1.0
15:56,checkout,1.2
15:56,dairy,3.0
15:56,drinks,1.0
15:56,fruit,2.0
15:56,spices,0.6
15:57,checkout,1.0
15:57,dairy,2.6
15:57,drinks,1.6
15:57,fruit,1.8
15:57,spices,1.0
15:58,checkout,1.6
15:58,dairy,1.8
15:58,drinks,2.4
15:58,fruit,1.6
15:58,spices,0.8
15:59,checkout,1.0
15:59,dairy,1.8
15:59,drinks,1.8
15:59,fruit,1.6
15:59,spices,1.4
16:00,checkout,1.6
16:00,dairy,3.2
16:00,drinks,1.8
16:00,fruit,1.8
16:00,spices,0.6
16:01,checkout,0.8
16:01,dairy,3.2
16:01,drinks,2.2
16:01,fruit,2.4
16:01,spices,1.0
16:02,checkout,0.4
16:02,dairy,2.8
16:02,drinks,2.2
16:02,fruit,3.2
16:02,spices,1.4
16:03,checkout,1.2
16:03,dairy,3.6
16:03,drinks,2.2
16:03,fruit,3.0
16:03,spices,1.8
16:04,checkout,1.6
16:04,dairy,4.6
16:04,drinks,2.2
16:04,fruit,3.2
16:04,spices,1.4
16:05,checkout,1.4
16:05,dairy,4.4
16:05,drinks,2.4
16:05,fruit,3.6
16:05,spices,0.6
16:06,checkout,1.8
16:06,dairy,3.8
16:06,drinks,2.0
16:06,fruit,3.4
16:06,spices,1.4
16:07,checkout,2.6
16:07,dairy,3.4
16:07,drinks,1.4
16:07,fruit,2.8
16:07,spices,1.0
16:08,checkout,1.0
16:08,dairy,4.2
16:08,drinks,0.6
16:08,fruit,2.0
16:08,spices,1.2
16:09,checkout,1.6
16:09,dairy,4.2
16:09,drinks,1.0
16:09,fruit,1.4
16:09,spices,1.0
16:10,checkout,1.6
16:10,dairy,3.8
16:10,drinks,1.8
16:10,fruit,1.4
16:10,spices,1.8
16:11,checkout,1.0
16:11,dairy,4.0
16:11,drinks,2.2
16:11,fruit,2.0
16:11,spices,0.8
16:12,checkout,1.6
16:12,dairy,4.4
16:12,drinks,1.6
16:12,fruit,2.4
16:12,spices,1.0
16:13,checkout,2.0
16:13,dairy,3.4
16:13,drinks,1.6
16:13,fruit,2.6
16:13,spices,1.6
16:14,checkout,2.8
16:14,dairy,3.2
16:14,drinks,1.6
16:14,fruit,2.0
16:14,spices,0.8
16:15,checkout,0.4
16:15,dairy,3.4
16:15,drinks,1.4
16:15,fruit,3.8
16:15,spices,1.2
16:16,checkout,1.4
16:16,dairy,5.0
16:16,drinks,1.6
16:16,fruit,3.2
16:16,spices,0.6
16:17,checkout,2.2
16:17,dairy,6.6
16:17,drinks,1.4
16:17,fruit,2.8
16:17,spices,1.0
16:18,checkout,1.8
16:18,dairy,5.2
16:18,drinks,2.0
16:18,fruit,2.0
16:18,spices,1.2
16:19,checkout,1.6
16:19,dairy,4.2
16:19,drinks,2.4
16:19,fruit,2.6
16:19,spices,1.6
16:20,checkout,1.6
16:20,dairy,3.2
16:20,drinks,2.4
16:20,fruit,3.0
16:20,spices,1.8
16:21,checkout,2.6
16:21,dairy,3.6
16:21,drinks,1.6
16:21,fruit,1.8
16:21,spices,1.2
16:22,checkout,1.2
16:22,dairy,3.4
16:22,drinks,1.8
16:22,fruit,1.8
16:22,spices,1.2
16:23,checkout,1.4
16:23,dairy,3.8
16:23,drinks,2.2
16:23,fruit,1.8
16:23,spices,1.2
16:24,checkout,1.2
16:24,dairy,3.2
16:24,drinks,2.2
16:24,fruit,2.8
16:24,spices,1.6
16:25,checkout,1.8
16:25,dairy,3.4
16:25,drinks,2.2
16:25,fruit,3.0
16:25,spices,1.0
16:26,checkout,1.2
16:26,dairy,3.6
16:26,drinks,2.4
16:26,fruit,3.2
16:26,spices,0.6
16:27,checkout,1.8
16:27,dairy,3.0
16:27,drinks,2.4
16:27,fruit,3.0
16:27,spices,0.8
16:28,checkout,1.4
16:28,dairy,2.4
16:28,drinks,3.4
16:28,fruit,2.2
16:28,spices,0.6
16:29,checkout,1.4
16:29,dairy,3.4
16:29,drinks,3.0
16:29,fruit,2.4
16:29,spices,1.4
16:30,checkout,1.8
16:30,dairy,3.4
16:30,drinks,2.2
16:30,fruit,2.8
16:30,spices,1.8
16:31,checkout,2.2
16:31,dairy,3.4
16:31,drinks,2.2
16:31,fruit,2.4
16:31,spices,0.8
16:32,checkout,1.6
16:32,dairy,4.4
16:32,drinks,1.6
16:32,fruit,3.0
16:32,spices,1.0
16:33,checkout,1.2
16:33,dairy,3.8
16:33,drinks,2.4
16:33,fruit,4.2
16:33,spices,1.8
16:34,checkout,1.8
16:34,dairy,4.4
16:34,drinks,2.4
16:34,fruit,2.0
16:34,spices,1.8
16:35,checkout,1.2
16:35,dairy,4.8
16:35,drinks,2.2
16:35,fruit,2.2
16:35,spices,2.0
16:36,checkout,1.6
16:36,dairy,5.8
16:36,drinks,2.8
16:36,fruit,3.6
16:36,spices,0.8
16:37,checkout,1.8
16:37,dairy,5.4
16:37,drinks,2.8
16:37,fruit,3.2
16:37,spices,1.0
16:38,checkout,2.2
16:38,dairy,4.6
16:38,drinks,2.2
16:38,fruit,3.4
16:38,spices,1.8
16:39,checkout,1.6
16:39,dairy,4.4
16:39,drinks,2.6
16:39,fruit,3.0
16:39,spices,2.0
16:40,checkout,1.4
16:40,dairy,3.8
16:40,drinks,3.4
16:40,fruit,3.2
16:40,spices,2.4
16:41,checkout,2.2
16:41,dairy,3.6
16:41,drinks,3.2
16:41,fruit,3.2
16:41,spices,2.8
16:42,checkout,1.2
16:42,dairy,4.0
16:42,drinks,2.8
16:42,fruit,4.6
16:42,spices,1.8
16:43,checkout,1.8
16:43,dairy,3.6
16:43,drinks,3.8
16:43,fruit,5.2
16:43,spices,1.8
16:44,checkout,1.6
16:44,dairy,4.2
16:44,drinks,4.0
16:44,fruit,4.0
16:44,spices,1.8
16:45,checkout,1.4
16:45,dairy,4.2
16:45,drinks,3.8
16:45,fruit,4.6
16:45,spices,1.4
16:46,checkout,1.6
16:46,dairy,3.2
16:46,drinks,3.6
16:46,fruit,5.2
16:46,spices,1.8
16:47,checkout,4.2
16:47,dairy,3.8
16:47,drinks,2.4
16:47,fruit,4.2
16:47,spices,1.8
16:48,checkout,1.4
16:48,dairy,5.4
16:48,drinks,2.4
16:48,fruit,3.8
16:48,spices,1.4
16:49,checkout,2.6
16:49,dairy,4.6
16:49,drinks,2.2
16:49,fruit,4.0
16:49,spices,0.8
16:50,checkout,2.4
16:50,dairy,4.6
16:50,drinks,2.2
16:50,fruit,2.8
16:50,spices,1.2
16:51,checkout,2.8
16:51,dairy,3.4
16:51,drinks,1.4
16:51,fruit,4.2
16:51,spices,1.6
16:52,checkout,1.6
16:52,dairy,4.0
16:52,drinks,2.2
16:52,fruit,4.6
16:52,spices,2.0
16:53,checkout,1.4
16:53,dairy,5.6
16:53,drinks,2.2
16:53,fruit,4.2
16:53,spices,2.0
16:54,checkout,2.0
16:54,dairy,6.0
16:54,drinks,2.4
16:54,fruit,3.8
16:54,spices,2.0
16:55,checkout,2.8
16:55,dairy,5.4
16:55,drinks,2.4
16:55,fruit,2.8
16:55,spices,1.8
16:56,checkout,2.4
16:56,dairy,3.8
16:56,drinks,2.6
16:56,fruit,2.6
16:56,spices,2.8
16:57,checkout,1.4
16:57,dairy,3.6
16:57,drinks,2.0
16:57,fruit,3.2
16:57,spices,3.2
16:58,checkout,2.6
16:58,dairy,2.8
16:58,drinks,3.2
16:58,fruit,1.8
16:58,spices,2.2
16:59,checkout,1.8
16:59,dairy,3.2
16:59,drinks,2.4
16:59,fruit,2.2
16:59,spices,2.0
17:00,checkout,1.2
17:00,dairy,5.2
17:00,drinks,2.0
17:00,fruit,3.2
17:00,spices,1.6
17:01,checkout,1.4
17:01,dairy,4.8
17:01,drinks,2.0
17:01,fruit,3.4
17:01,spices,1.6
17:02,checkout,2.4
17:02,dairy,4.8
17:02,drinks,1.8
17:02,fruit,2.6
17:02,spices,1.4
17:03,checkout,1.8
17:03,dairy,4.4
17:03,drinks,2.2
17:03,fruit,2.2
17:03,spices,2.0
17:04,checkout,2.0
17:04,dairy,4.2
17:04,drinks,2.2
17:04,fruit,3.0
17:04,spices,2.2
17:05,checkout,1.0
17:05,dairy,4.8
17:05,drinks,1.4
17:05,fruit,3.8
17:05,spices,1.2
17:06,checkout,1.2
17:06,dairy,5.4
17:06,drinks,2.4
17:06,fruit,3.2
17:06,spices,2.0
17:07,checkout,1.4
17:07,dairy,5.6
17:07,drinks,2.8
17:07,fruit,3.2
17:07,spices,1.4
17:08,checkout,2.2
17:08,dairy,5.0
17:08,drinks,2.6
17:08,fruit,3.4
17:08,spices,1.8
17:09,checkout,2.6
17:09,dairy,5.2
17:09,drinks,2.2
17:09,fruit,3.2
17:09,spices,1.2
17:10,checkout,1.0
17:10,dairy,5.4
17:10,drinks,1.8
17:10,fruit,3.0
17:10,spices,1.6
17:11,checkout,2.0
17:11,dairy,4.4
17:11,drinks,3.0
17:11,fruit,2.6
17:11,spices,0.4
17:12,checkout,1.6
17:12,dairy,3.8
17:12,drinks,2.2
17:12,fruit,2.4
17:12,spices,0.6
17:13,checkout,0.8
17:13,dairy,5.2
17:13,drinks,2.8
17:13,fruit,2.4
17:13,spices,1.6
17:14,checkout,2.2
17:14,dairy,4.8
17:14,drinks,2.6
17:14,fruit,3.0
17:14,spices,1.8
17:15,checkout,1.4
17:15,dairy,6.6
17:15,drinks,2.4
17:15,fruit,3.2
17:15,spices,1.4
17:16,checkout,2.0
17:16,dairy,5.0
17:16,drinks,3.6
17:16,fruit,4.0
17:16,spices,2.0
17:17,checkout,2.2
17:17,dairy,4.8
17:17,drinks,3.2
17:17,fruit,4.4
17:17,spices,2.6
17:18,checkout,3.4
17:18,dairy,6.6
17:18,drinks,2.6
17:18,fruit,4.0
17:18,spices,1.0
17:19,checkout,3.0
17:19,dairy,6.2
17:19,drinks,1.8
17:19,fruit,4.0
17:19,spices,1.2
17:20,checkout,2.6
17:20,dairy,5.2
17:20,drinks,2.6
17:20,fruit,2.6
17:20,spices,1.8
17:21,checkout,1.2
17:21,dairy,4.2
17:21,drinks,2.6
17:21,fruit,4.2
17:21,spices,1.8
17:22,checkout,2.2
17:22,dairy,5.0
17:22,drinks,2.0
17:22,fruit,3.0
17:22,spices,1.4
17:23,checkout,2.0
17:23,dairy,4.2
17:23,drinks,1.4
17:23,fruit,2.8
17:23,spices,1.8
17:24,checkout,1.2
17:24,dairy,4.4
17:24,drinks,2.0
17:24,fruit,2.8
17:24,spices,2.0
17:25,checkout,1.0
17:25,dairy,4.6
17:25,drinks,2.6
17:25,fruit,3.8
17:25,spices,1.4
17:26,checkout,1.6
17:26,dairy,5.0
17:26,drinks,3.2
17:26,fruit,3.2
17:26,spices,0.4
17:27,checkout,1.8
17:27,dairy,4.6
17:27,drinks,1.6
17:27,fruit,3.8
17:27,spices,0.6
17:28,checkout,1.8
17:28,dairy,3.6
17:28,drinks,2.4
17:28,fruit,4.2
17:28,spices,0.6
17:29,checkout,2.4
17:29,dairy,3.4
17:29,drinks,1.8
17:29,fruit,2.8
17:29,spices,1.0
17:30,checkout,2.2
17:30,dairy,4.6
17:30,drinks,1.6
17:30,fruit,1.4
17:30,spices,0.6
17:31,checkout,1.2
17:31,dairy,5.2
17:31,drinks,1.6
17:31,fruit,2.8
17:31,spices,1.4
17:32,checkout,1.6
17:32,dairy,5.0
17:32,drinks,2.0
17:32,fruit,3.2
17:32,spices,1.0
17:33,checkout,2.2
17:33,dairy,3.4
17:33,drinks,2.4
17:33,fruit,3.2
17:33,spices,1.4
17:34,checkout,2.2
17:34,dairy,3.6
17:34,drinks,2.0
17:34,fruit,3.2
17:34,spices,1.4
17:35,checkout,2.2
17:35,dairy,2.4
17:35,drinks,2.6
17:35,fruit,3.8
17:35,spices,1.2
17:36,checkout,3.2
17:36,dairy,1.6
17:36,drinks,2.2
17:36,fruit,3.0
17:36,spices,1.4
17:37,checkout,0.8
17:37,dairy,2.4
17:37,drinks,2.2
17:37,fruit,3.8
17:37,spices,0.4
17:38,checkout,2.0
17:38,dairy,2.2
17:38,drinks,2.0
17:38,fruit,3.4
17:38,spices,0.6
17:39,checkout,1.2
17:39,dairy,2.8
17:39,drinks,2.4
17:39,fruit,3.4
17:39,spices,1.4
17:40,checkout,1.6
17:40,dairy,2.4
17:40,drinks,2.2
17:40,fruit,4.2
17:40,spices,1.4
17:41,checkout,1.8
17:41,dairy,2.4
17:41,drinks,1.8
17:41,fruit,4.2
17:41,spices,2.4
17:42,checkout,1.4
17:42,dairy,3.0
17:42,drinks,2.0
17:42,fruit,4.8
17:42,spices,0.8
17:43,checkout,2.2
17:43,dairy,2.4
17:43,drinks,2.2
17:43,fruit,4.0
17:43,spices,1.4
17:44,checkout,0.8
17:44,dairy,5.0
17:44,drinks,2.2
17:44,fruit,5.0
17:44,spices,1.6
17:45,checkout,1.8
17:45,dairy,5.0
17:45,drinks,2.2
17:45,fruit,4.4
17:45,spices,1.6
17:46,checkout,2.2
17:46,dairy,5.0
17:46,drinks,2.2
17:46,fruit,4.8
17:46,spices,1.4
17:47,checkout,1.4
17:47,dairy,5.6
17:47,drinks,2.8
17:47,fruit,4.2
17:47,spices,1.4
17:48,checkout,2.6
17:48,dairy,4.2
17:48,drinks,2.8
17:48,fruit,5.0
17:48,spices,2.2
17:49,checkout,2.2
17:49,dairy,5.2
17:49,drinks,3.2
17:49,fruit,4.6
17:49,spices,1.8
17:50,checkout,2.8
17:50,dairy,4.4
17:50,drinks,3.4
17:50,fruit,4.4
17:50,spices,0.8
17:51,checkout,1.6
17:51,dairy,4.0
17:51,drinks,3.2
17:51,fruit,3.6
17:51,spices,2.2
17:52,checkout,2.8
17:52,dairy,2.6
17:52,drinks,3.4
17:52,fruit,4.6
17:52,spices,2.2
17:53,checkout,2.0
17:53,dairy,3.2
17:53,drinks,2.8
17:53,fruit,5.4
17:53,spices,1.8
17:54,checkout,2.4
17:54,dairy,4.4
17:54,drinks,2.0
17:54,fruit,4.0
17:54,spices,0.8
17:55,checkout,1.8
17:55,dairy,5.2
17:55,drinks,1.8
17:55,fruit,3.0
17:55,spices,1.2
17:56,checkout,1.2
17:56,dairy,4.4
17:56,drinks,1.2
17:56,fruit,3.6
17:56,spices,1.4
17:57,checkout,1.6
17:57,dairy,3.8
17:57,drinks,1.6
17:57,fruit,3.6
17:57,spices,1.8
17:58,checkout,1.0
17:58,dairy,5.0
17:58,drinks,1.6
17:58,fruit,3.8
17:58,spices,2.0
17:59,checkout,2.6
17:59,dairy,5.0
17:59,drinks,2.0
17:59,fruit,3.4
17:59,spices,1.0
18:00,checkout,1.8
18:00,dairy,4.4
18:00,drinks,2.8
18:00,fruit,2.6
18:00,spices,1.2
18:01,checkout,1.6
18:01,dairy,5.8
18:01,drinks,3.2
18:01,fruit,3.2
18:01,spices,0.8
18:02,checkout,1.8
18:02,dairy,6.2
18:02,drinks,2.8
18:02,fruit,3.0
18:02,spices,2.0
18:03,checkout,1.4
18:03,dairy,5.6
18:03,drinks,3.4
18:03,fruit,3.2
18:03,spices,2.2
18:04,checkout,2.6
18:04,dairy,6.0
18:04,drinks,3.0
18:04,fruit,3.6
18:04,spices,2.0
18:05,checkout,2.4
18:05,dairy,4.6
18:05,drinks,2.6
18:05,fruit,3.4
18:05,spices,2.2
18:06,checkout,1.4
18:06,dairy,6.2
18:06,drinks,3.2
18:06,fruit,3.0
18:06,spices,2.0
18:07,checkout,1.8
18:07,dairy,6.0
18:07,drinks,3.6
18:07,fruit,2.2
18:07,spices,2.2
18:08,checkout,2.0
18:08,dairy,5.6
18:08,drinks,4.0
18:08,fruit,2.4
18:08,spices,2.0
18:09,checkout,2.0
18:09,dairy,5.0
18:09,drinks,3.6
18:09,fruit,2.4
18:09,spices,1.6
18:10,checkout,0.6
18:10,dairy,5.6
18:10,drinks,3.4
18:10,fruit,3.0
18:10,spices,2.2
18:11,checkout,3.0
18:11,dairy,4.6
18:11,drinks,1.8
18:11,fruit,4.2
18:11,spices,2.4
18:12,checkout,1.8
18:12,dairy,4.0
18:12,drinks,1.6
18:12,fruit,4.2
18:12,spices,3.0
18:13,checkout,2.2
18:13,dairy,4.4
18:13,drinks,2.2
18:13,fruit,4.0
18:13,spices,1.8
18:14,checkout,2.2
18:14,dairy,5.6
18:14,drinks,2.8
18:14,fruit,4.0
18:14,spices,0.6
18:15,checkout,2.4
18:15,dairy,6.0
18:15,drinks,1.8
18:15,fruit,3.2
18:15,spices,1.6
18:16,checkout,1.6
18:16,dairy,5.6
18:16,drinks,2.2
18:16,fruit,2.2
18:16,spices,1.6
18:17,checkout,1.6
18:17,dairy,5.0
18:17,drinks,2.4
18:17,fruit,3.0
18:17,spices,2.0
18:18,checkout,2.0
18:18,dairy,4.8
18:18,drinks,2.4
18:18,fruit,3.2
18:18,spices,2.6
18:19,checkout,2.0
18:19,dairy,4.8
18:19,drinks,3.4
18:19,fruit,3.2
18:19,spices,1.2
18:20,checkout,2.0
18:20,dairy,4.2
18:20,drinks,3.4
18:20,fruit,3.2
18:20,spices,2.0
18:21,checkout,2.4
18:21,dairy,4.4
18:21,drinks,2.8
18:21,fruit,4.4
18:21,spices,1.4
18:22,checkout,1.2
18:22,dairy,5.2
18:22,drinks,2.4
18:22,fruit,4.8
18:22,spices,1.8
18:23,checkout,2.8
18:23,dairy,5.2
18:23,drinks,2.2
18:23,fruit,3.6
18:23,spices,1.4
18:24,checkout,2.2
18:24,dairy,5.2
18:24,drinks,1.8
18:24,fruit,4.2
18:24,spices,1.4
18:25,checkout,1.4
18:25,dairy,5.2
18:25,drinks,1.8
18:25,fruit,4.4
18:25,spices,2.4
18:26,checkout,1.0
18:26,dairy,5.6
18:26,drinks,2.0
18:26,fruit,4.4
18:26,spices,2.0
18:27,checkout,2.6
18:27,dairy,4.8
18:27,drinks,3.0
18:27,fruit,4.6
18:27,spices,1.6
18:28,checkout,3.2
18:28,dairy,4.4
18:28,drinks,2.6
18:28,fruit,4.4
18:28,spices,0.8
18:29,checkout,2.0
18:29,dairy,6.4
18:29,drinks,2.2
18:29,fruit,2.8
18:29,spices,1.0
18:30,checkout,1.6
18:30,dairy,6.0
18:30,drinks,3.0
18:30,fruit,3.2
18:30,spices,1.0
18:31,checkout,1.2
18:31,dairy,5.8
18:31,drinks,3.0
18:31,fruit,3.2
18:31,spices,2.6
18:32,checkout,2.2
18:32,dairy,5.4
18:32,drinks,3.6
18:32,fruit,4.0
18:32,spices,1.8
18:33,checkout,2.6
18:33,dairy,6.2
18:33,drinks,2.2
18:33,fruit,4.2
18:33,spices,2.0
18:34,checkout,1.6
18:34,dairy,6.2
18:34,drinks,2.6
18:34,fruit,4.8
18:34,spices,2.6
18:35,checkout,2.6
18:35,dairy,7.2
18:35,drinks,3.6
18:35,fruit,4.0
18:35,spices,1.8
18:36,checkout,1.6
18:36,dairy,6.0
18:36,drinks,3.8
18:36,fruit,3.4
18:36,spices,3.2
18:37,checkout,3.6
18:37,dairy,6.0
18:37,drinks,3.2
18:37,fruit,3.4
18:37,spices,2.0
18:38,checkout,2.0
18:38,dairy,7.0
18:38,drinks,3.2
18:38,fruit,2.8
18:38,spices,2.0
18:39,checkout,2.6
18:39,dairy,6.2
18:39,drinks,3.2
18:39,fruit,3.6
18:39,spices,2.4
18:40,checkout,3.6
18:40,dairy,4.8
18:40,drinks,2.2
18:40,fruit,4.6
18:40,spices,2.8
18:41,checkout,2.4
18:41,dairy,5.4
18:41,drinks,2.4
18:41,fruit,4.2
18:41,spices,1.8
18:42,checkout,2.2
18:42,dairy,5.2
18:42,drinks,2.8
18:42,fruit,4.4
18:42,spices,1.8
18:43,checkout,1.8
18:43,dairy,5.4
18:43,drinks,4.0
18:43,fruit,3.0
18:43,spices,2.2
18:44,checkout,2.6
18:44,dairy,4.4
18:44,drinks,3.2
18:44,fruit,4.8
18:44,spices,2.0
18:45,checkout,1.8
18:45,dairy,4.4
18:45,drinks,4.2
18:45,fruit,4.6
18:45,spices,1.6
18:46,checkout,2.6
18:46,dairy,4.6
18:46,drinks,4.0
18:46,fruit,3.6
18:46,spices,1.4
18:47,checkout,2.2
18:47,dairy,3.4
18:47,drinks,3.6
18:47,fruit,4.0
18:47,spices,2.6
18:48,checkout,2.2
18:48,dairy,4.0
18:48,drinks,3.6
18:48,fruit,4.8
18:48,spices,2.0
18:49,checkout,2.8
18:49,dairy,4.0
18:49,drinks,3.8
18:49,fruit,4.2
18:49,spices,1.2
18:50,checkout,2.6
18:50,dairy,3.8
18:50,drinks,2.4
18:50,fruit,4.4
18:50,spices,2.0
18:51,checkout,2.4
18:51,dairy,5.0
18:51,drinks,3.0
18:51,fruit,3.6
18:51,spices,1.6
18:52,checkout,2.4
18:52,dairy,3.2
18:52,drinks,3.4
18:52,fruit,2.8
18:52,spices,2.4
18:53,checkout,2.2
18:53,dairy,3.8
18:53,drinks,3.6
18:53,fruit,3.0
18:53,spices,1.6
18:54,checkout,1.4
18:54,dairy,5.0
18:54,drinks,3.6
18:54,fruit,2.8
18:54,spices,1.6
18:55,checkout,1.2
18:55,dairy,4.6
18:55,drinks,2.6
18:55,fruit,3.8
18:55,spices,2.4
18:56,checkout,1.6
18:56,dairy,5.2
18:56,drinks,3.4
18:56,fruit,3.0
18:56,spices,1.8
18:57,checkout,2.6
18:57,dairy,6.2
18:57,drinks,3.0
18:57,fruit,2.4
18:57,spices,2.2
18:58,checkout,2.0
18:58,dairy,5.4
18:58,drinks,4.8
18:58,fruit,2.4
18:58,spices,2.2
18:59,checkout,2.8
18:59,dairy,5.6
18:59,drinks,4.0
18:59,fruit,3.8
18:59,spices,1.6
19:00,checkout,2.4
19:00,dairy,5.6
19:00,drinks,4.0
19:00,fruit,4.2
19:00,spices,1.2
19:01,checkout,1.8
19:01,dairy,5.2
19:01,drinks,4.6
19:01,fruit,3.8
19:01,spices,2.2
19:02,checkout,2.6
19:02,dairy,5.2
19:02,drinks,3.2
19:02,fruit,5.6
19:02,spices,2.2
19:03,checkout,3.4
19:03,dairy,4.8
19:03,drinks,3.6
19:03,fruit,5.2
19:03,spices,2.4
19:04,checkout,4.6
19:04,dairy,4.2
19:04,drinks,3.6
19:04,fruit,3.4
19:04,spices,2.0
19:05,checkout,1.6
19:05,dairy,4.0
19:05,drinks,3.0
19:05,fruit,4.0
19:05,spices,2.8
19:06,checkout,2.4
19:06,dairy,4.0
19:06,drinks,3.6
19:06,fruit,3.6
19:06,spices,2.8
19:07,checkout,3.0
19:07,dairy,5.2
19:07,drinks,3.2
19:07,fruit,3.8
19:07,spices,2.2
19:08,checkout,2.0
19:08,dairy,5.4
19:08,drinks,3.0
19:08,fruit,4.0
19:08,spices,2.4
19:09,checkout,1.6
19:09,dairy,5.8
19:09,drinks,3.6
19:09,fruit,4.6
19:09,spices,1.8
19:10,checkout,2.2
19:10,dairy,6.4
19:10,drinks,4.6
19:10,fruit,5.0
19:10,spices,1.2
19:11,checkout,3.8
19:11,dairy,6.2
19:11,drinks,3.8
19:11,fruit,4.2
19:11,spices,0.8
19:12,checkout,2.0
19:12,dairy,7.0
19:12,drinks,2.8
19:12,fruit,4.0
19:12,spices,1.4
19:13,checkout,2.0
19:13,dairy,6.8
19:13,drinks,2.8
19:13,fruit,4.2
19:13,spices,2.8
19:14,checkout,2.8
19:14,dairy,7.6
19:14,drinks,3.4
19:14,fruit,3.6
19:14,spices,2.6
19:15,checkout,3.4
19:15,dairy,7.4
19:15,drinks,2.0
19:15,fruit,5.6
19:15,spices,1.4
19:16,checkout,1.4
19:16,dairy,7.6
19:16,drinks,3.4
19:16,fruit,5.4
19:16,spices,1.8
19:17,checkout,2.2
19:17,dairy,8.4
19:17,drinks,4.6
19:17,fruit,6.6
19:17,spices,1.4
19:18,checkout,3.6
19:18,dairy,7.2
19:18,drinks,3.8
19:18,fruit,6.2
19:18,spices,2.0
19:19,checkout,3.2
19:19,dairy,6.0
19:19,drinks,4.8
19:19,fruit,3.8
19:19,spices,2.0
19:20,checkout,3.0
19:20,dairy,5.8
19:20,drinks,4.6
19:20,fruit,4.2
19:20,spices,1.2
19:21,checkout,3.0
19:21,dairy,5.4
19:21,drinks,3.6
19:21,fruit,4.2
19:21,spices,1.6
19:22,checkout,3.0
19:22,dairy,3.6
19:22,drinks,3.6
19:22,fruit,4.0
19:22,spices,2.6
19:23,checkout,3.0
19:23,dairy,3.4
19:23,drinks,4.0
19:23,fruit,3.8
19:23,spices,2.2
19:24,checkout,3.0
19:24,dairy,3.6
19:24,drinks,3.8
19:24,fruit,3.8
19:24,spices,1.2
19:25,checkout,2.2
19:25,dairy,3.8
19:25,drinks,1.6
19:25,fruit,4.0
19:25,spices,2.4
19:26,checkout,2.4
19:26,dairy,3.0
19:26,drinks,2.4
19:26,fruit,3.8
19:26,spices,2.6
19:27,checkout,1.8
19:27,dairy,4.6
19:27,drinks,3.0
19:27,fruit,3.0
19:27,spices,2.6
19:28,checkout,2.2
19:28,dairy,4.2
19:28,drinks,4.0
19:28,fruit,3.4
19:28,spices,2.6
19:29,checkout,2.2
19:29,dairy,4.4
19:29,drinks,3.6
19:29,fruit,3.4
19:29,spices,3.2
19:30,checkout,1.2
19:30,dairy,6.4
19:30,drinks,3.2
19:30,fruit,5.8
19:30,spices,3.0
19:31,checkout,3.2
19:31,dairy,6.0
19:31,drinks,3.4
19:31,fruit,6.4
19:31,spices,1.8
19:32,checkout,2.4
19:32,dairy,6.2
19:32,drinks,3.0
19:32,fruit,6.2
19:32,spices,2.0
19:33,checkout,2.4
19:33,dairy,6.0
19:33,drinks,3.4
19:33,fruit,6.0
19:33,spices,1.6
19:34,checkout,2.2
19:34,dairy,6.4
19:34,drinks,3.8
19:34,fruit,4.8
19:34,spices,3.0
19:35,checkout,2.8
19:35,dairy,6.6
19:35,drinks,4.2
19:35,fruit,4.0
19:35,spices,1.6
19:36,checkout,2.0
19:36,dairy,5.6
19:36,drinks,4.0
19:36,fruit,3.8
19:36,spices,2.8
19:37,checkout,2.2
19:37,dairy,5.4
19:37,drinks,4.0
19:37,fruit,4.2
19:37,spices,2.8
19:38,checkout,1.8
19:38,dairy,7.0
19:38,drinks,4.4
19:38,fruit,2.8
19:38,spices,3.8
19:39,checkout,3.2
19:39,dairy,7.4
19:39,drinks,4.6
19:39,fruit,3.2
19:39,spices,2.6
19:40,checkout,1.6
19:40,dairy,7.2
19:40,drinks,4.8
19:40,fruit,3.2
19:40,spices,2.8
19:41,checkout,1.8
19:41,dairy,7.0
19:41,drinks,4.6
19:41,fruit,3.2
19:41,spices,1.6
19:42,checkout,2.8
19:42,dairy,7.0
19:42,drinks,2.8
19:42,fruit,4.0
19:42,spices,1.8
19:43,checkout,2.4
19:43,dairy,7.8
19:43,drinks,2.4
19:43,fruit,4.0
19:43,spices,1.8
19:44,checkout,2.2
19:44,dairy,7.0
19:44,drinks,2.0
19:44,fruit,3.6
19:44,spices,2.0
19:45,checkout,3.8
19:45,dairy,5.0
19:45,drinks,3.8
19:45,fruit,3.0
19:45,spices,2.0
19:46,checkout,2.4
19:46,dairy,4.8
19:46,drinks,4.0
19:46,fruit,3.2
19:46,spices,1.4
19:47,checkout,3.0
19:47,dairy,4.8
19:47,drinks,3.6
19:47,fruit,2.8
19:47,spices,2.4
19:48,checkout,2.0
19:48,dairy,4.2
19:48,drinks,3.2
19:48,fruit,3.4
19:48,spices,2.4
19:49,checkout,2.0
19:49,dairy,5.8
19:49,drinks,3.4
19:49,fruit,3.6
19:49,spices,1.4
19:50,checkout,2.4
19:50,dairy,6.2
19:50,drinks,3.0
19:50,fruit,4.0
19:50,spices,2.6
19:51,checkout,2.2
19:51,dairy,6.6
19:51,drinks,3.6
19:51,fruit,4.6
19:51,spices,1.6
19:52,checkout,3.4
19:52,dairy,6.0
19:52,drinks,2.8
19:52,fruit,4.8
19:52,spices,2.0
19:53,checkout,2.0
19:53,dairy,6.0
19:53,drinks,3.4
19:53,fruit,4.6
19:53,spices,2.2
19:54,checkout,3.2
19:54,dairy,5.8
19:54,drinks,3.4
19:54,fruit,3.4
19:54,spices,2.4
19:55,checkout,3.0
19:55,dairy,6.0
19:55,drinks,3.8
19:55,fruit,3.4
19:55,spices,1.4
19:56,checkout,1.6
19:56,dairy,5.6
19:56,drinks,5.2
19:56,fruit,2.8
19:56,spices,1.6
19:57,checkout,3.0
19:57,dairy,5.2
19:57,drinks,3.6
19:57,fruit,3.0
19:57,spices,2.0
19:58,checkout,2.4
19:58,dairy,5.4
19:58,drinks,3.8
19:58,fruit,3.0
19:58,spices,2.6
19:59,checkout,2.6
19:59,dairy,4.6
19:59,drinks,3.4
19:59,fruit,3.8
19:59,spices,2.0
20:00,checkout,2.6
20:00,dairy,4.0
20:00,drinks,2.6
20:00,fruit,4.0
20:00,spices,1.2
20:01,checkout,2.6
20:01,dairy,3.6
20:01,drinks,2.0
20:01,fruit,3.0
20:01,spices,1.4
20:02,checkout,1.6
20:02,dairy,4.8
20:02,drinks,1.8
20:02,fruit,2.0
20:02,spices,1.6
20:03,checkout,2.4
20:03,dairy,3.2
20:03,drinks,2.6
20:03,fruit,2.2
20:03,spices,0.4
20:04,checkout,1.2
20:04,dairy,2.8
20:04,drinks,2.4
20:04,fruit,2.4
20:04,spices,1.6
20:05,checkout,1.2
20:05,dairy,2.8
20:05,drinks,2.6
20:05,fruit,2.6
20:05,spices,1.4
20:06,checkout,1.4
20:06,dairy,3.6
20:06,drinks,3.2
20:06,fruit,3.2
20:06,spices,0.8
20:07,checkout,1.6
20:07,dairy,2.8
20:07,drinks,3.2
20:07,fruit,3.2
20:07,spices,2.4
20:08,checkout,1.6
20:08,dairy,3.6
20:08,drinks,2.4
20:08,fruit,3.2
20:08,spices,2.0
20:09,checkout,2.0
20:09,dairy,3.6
20:09,drinks,1.2
20:09,fruit,3.4
20:09,spices,1.8
20:10,checkout,2.4
20:10,dairy,2.8
20:10,drinks,1.8
20:10,fruit,2.4
20:10,spices,2.0
20:11,checkout,1.8
20:11,dairy,2.6
20:11,drinks,2.0
20:11,fruit,1.8
20:11,spices,1.2
20:12,checkout,1.2
20:12,dairy,3.0
20:12,drinks,2.2
20:12,fruit,2.0
20:12,spices,1.6
20:13,checkout,1.8
20:13,dairy,3.4
20:13,drinks,1.8
20:13,fruit,3.2
20:13,spices,1.6
20:14,checkout,1.0
20:14,dairy,3.2
20:14,drinks,2.4
20:14,fruit,3.4
20:14,spices,1.4
20:15,checkout,1.2
20:15,dairy,2.4
20:15,drinks,2.8
20:15,fruit,3.6
20:15,spices,2.2
20:16,checkout,2.2
20:16,dairy,2.2
20:16,drinks,2.2
20:16,fruit,3.2
20:16,spices,3.2
20:17,checkout,1.6
20:17,dairy,2.6
20:17,drinks,3.2
20:17,fruit,3.0
20:17,spices,2.2
20:18,checkout,1.6
20:18,dairy,2.6
20:18,drinks,2.8
20:18,fruit,3.2
20:18,spices,1.6
20:19,checkout,1.6
20:19,dairy,3.2
20:19,drinks,3.2
20:19,fruit,3.0
20:19,spices,1.0
20:20,checkout,1.4
20:20,dairy,4.0
20:20,drinks,3.0
20:20,fruit,2.8
20:20,spices,1.0
20:21,checkout,2.2
20:21,dairy,3.8
20:21,drinks,3.4
20:21,fruit,2.4
20:21,spices,1.4
20:22,checkout,1.6
20:22,dairy,3.0
20:22,drinks,3.0
20:22,fruit,1.8
20:22,spices,1.8
20:23,checkout,1.4
20:23,dairy,2.6
20:23,drinks,3.2
20:23,fruit,2.0
20:23,spices,1.2
20:24,checkout,1.2
20:24,dairy,2.8
20:24,drinks,2.4
20:24,fruit,2.0
20:24,spices,1.2
20:25,checkout,1.8
20:25,dairy,2.6
20:25,drinks,2.4
20:25,fruit,2.6
20:25,spices,0.8
20:26,checkout,1.2
20:26,dairy,3.2
20:26,drinks,2.4
20:26,fruit,2.6
20:26,spices,0.6
20:27,checkout,1.6
20:27,dairy,2.4
20:27,drinks,2.2
20:27,fruit,2.4
20:27,spices,1.2
20:28,checkout,0.8
20:28,dairy,3.6
20:28,drinks,2.2
20:28,fruit,2.2
20:28,spices,0.8
20:29,checkout,1.6
20:29,dairy,3.8
20:29,drinks,2.4
20:29,fruit,1.4
20:29,spices,0.8
20:30,checkout,1.2
20:30,dairy,3.2
20:30,drinks,3.2
20:30,fruit,2.2
20:30,spices,0.8
20:31,checkout,1.2
20:31,dairy,3.6
20:31,drinks,3.4
20:31,fruit,2.2
20:31,spices,1.2
20:32,checkout,1.2
20:32,dairy,3.6
20:32,drinks,3.4
20:32,fruit,3.4
20:32,spices,1.0
20:33,checkout,0.8
20:33,dairy,5.0
20:33,drinks,3.4
20:33,fruit,3.2
20:33,spices,0.8
20:34,checkout,1.8
20:34,dairy,4.0
20:34,drinks,3.4
20:34,fruit,2.2
20:34,spices,1.0
20:35,checkout,1.6
20:35,dairy,3.8
20:35,drinks,3.8
20:35,fruit,2.0
20:35,spices,0.6
20:36,checkout,1.0
20:36,dairy,3.8
20:36,drinks,3.2
20:36,fruit,2.2
20:36,spices,0.6
20:37,checkout,2.0
20:37,dairy,4.4
20:37,drinks,2.8
20:37,fruit,1.6
20:37,spices,1.2
20:38,checkout,1.4
20:38,dairy,3.8
20:38,drinks,2.6
20:38,fruit,2.2
20:38,spices,2.0
20:39,checkout,1.8
20:39,dairy,4.4
20:39,drinks,2.0
20:39,fruit,2.4
20:39,spices,1.4
20:40,checkout,1.2
20:40,dairy,4.6
20:40,drinks,1.8
20:40,fruit,2.0
20:40,spices,1.4
20:41,checkout,0.8
20:41,dairy,4.2
20:41,drinks,2.2
20:41,fruit,2.8
20:41,spices,1.6
20:42,checkout,2.6
20:42,dairy,4.2
20:42,drinks,2.2
20:42,fruit,1.4
20:42,spices,1.4
20:43,checkout,1.6
20:43,dairy,3.8
20:43,drinks,2.6
20:43,fruit,2.0
20:43,spices,0.6
20:44,checkout,2.0
20:44,dairy,3.4
20:44,drinks,2.2
20:44,fruit,1.6
20:44,spices,1.2
20:45,checkout,1.6
20:45,dairy,4.2
20:45,drinks,1.8
20:45,fruit,2.6
20:45,spices,1.4
20:46,checkout,1.8
20:46,dairy,4.6
20:46,drinks,2.4
20:46,fruit,1.4
20:46,spices,1.2
20:47,checkout,1.0
20:47,dairy,4.4
20:47,drinks,3.0
20:47,fruit,1.6
20:47,spices,2.0
20:48,checkout,2.0
20:48,dairy,3.6
20:48,drinks,3.0
20:48,fruit,1.6
20:48,spices,2.0
20:49,checkout,2.2
20:49,dairy,3.4
20:49,drinks,2.2
20:49,fruit,1.8
20:49,spices,2.4
20:50,checkout,0.8
20:50,dairy,3.4
20:50,drinks,2.8
20:50,fruit,2.0
20:50,spices,1.4
20:51,checkout,1.8
20:51,dairy,4.2
20:51,drinks,3.6
20:51,fruit,2.6
20:51,spices,1.6
20:52,checkout,2.0
20:52,dairy,3.2
20:52,drinks,4.2
20:52,fruit,1.4
20:52,spices,2.2
20:53,checkout,2.2
20:53,dairy,3.4
20:53,drinks,4.4
20:53,fruit,2.6
20:53,spices,1.8
20:54,checkout,2.0
20:54,dairy,3.8
20:54,drinks,4.0
20:54,fruit,3.0
20:54,spices,1.4
20:55,checkout,1.4
20:55,dairy,4.4
20:55,drinks,2.8
20:55,fruit,2.4
20:55,spices,1.2
20:56,checkout,2.4
20:56,dairy,2.8
20:56,drinks,2.4
20:56,fruit,2.6
20:56,spices,1.8
20:57,checkout,0.8
20:57,dairy,3.4
20:57,drinks,4.2
20:57,fruit,2.6
20:57,spices,1.2
20:58,checkout,2.8
20:58,dairy,2.6
20:58,drinks,3.2
20:58,fruit,3.4
20:58,spices,1.6
20:59,checkout,2.0
20:59,dairy,3.6
20:59,drinks,3.6
20:59,fruit,2.2
20:59,spices,1.6
21:00,checkout,2.4
21:00,dairy,3.6
21:00,drinks,2.4
21:00,fruit,2.2
21:00,spices,1.2
21:01,checkout,1.8
21:01,dairy,3.4
21:01,drinks,2.0
21:01,fruit,1.6
21:01,spices,1.2
21:02,checkout,0.8
21:02,dairy,4.0
21:02,drinks,2.4
21:02,fruit,1.8
21:02,spices,1.0
21:03,checkout,1.2
21:03,dairy,4.4
21:03,drinks,1.8
21:03,fruit,3.0
21:03,spices,0.4
21:04,checkout,1.0
21:04,dairy,3.8
21:04,drinks,2.2
21:04,fruit,2.2
21:04,spices,0.8
21:05,checkout,1.2
21:05,dairy,4.2
21:05,drinks,1.4
21:05,fruit,2.8
21:05,spices,1.0
21:06,checkout,1.2
21:06,dairy,4.2
21:06,drinks,2.0
21:06,fruit,2.8
21:06,spices,1.2
21:07,checkout,2.0
21:07,dairy,3.2
21:07,drinks,1.8
21:07,fruit,2.8
21:07,spices,0.4
21:08,checkout,2.2
21:08,dairy,2.6
21:08,drinks,1.0
21:08,fruit,2.6
21:08,spices,1.2
21:09,checkout,1.4
21:09,dairy,2.4
21:09,drinks,1.6
21:09,fruit,2.2
21:09,spices,0.6
21:10,checkout,0.8
21:10,dairy,2.4
21:10,drinks,2.0
21:10,fruit,2.0
21:10,spices,0.8
21:11,checkout,1.2
21:11,dairy,2.2
21:11,drinks,1.8
21:11,fruit,2.0
21:11,spices,0.6
21:12,checkout,1.2
21:12,dairy,2.0
21:12,drinks,1.6
21:12,fruit,1.8
21:12,spices,0.8
21:13,checkout,1.0
21:13,dairy,1.6
21:13,drinks,2.2
21:13,fruit,1.0
21:13,spices,0.4
21:14,checkout,0.8
21:14,dairy,1.6
21:14,drinks,1.0
21:14,fruit,1.8
21:14,spices,0.8
21:15,checkout,1.0
21:15,dairy,2.2
21:15,drinks,1.6
21:15,fruit,1.8
21:15,spices,0.6
21:16,checkout,1.6
21:16,dairy,2.2
21:16,drinks,0.8
21:16,fruit,2.4
21:16,spices,1.0
21:17,checkout,1.8
21:17,dairy,2.0
21:17,drinks,1.4
21:17,fruit,1.6
21:17,spices,1.2
21:18,checkout,0.6
21:18,dairy,2.2
21:18,drinks,1.2
21:18,fruit,2.2
21:18,spices,0.8
21:19,checkout,1.4
21:19,dairy,1.8
21:19,drinks,1.8
21:19,fruit,1.6
21:19,spices,0.8
21:20,checkout,1.2
21:20,dairy,2.0
21:20,drinks,2.0
21:20,fruit,1.8
21:20,spices,0.6
21:21,checkout,1.2
21:21,dairy,2.6
21:21,drinks,2.0
21:21,fruit,1.2
21:21,spices,0.8
21:22,checkout,0.6
21:22,dairy,3.0
21:22,drinks,2.4
21:22,fruit,1.4
21:22,spices,0.6
21:23,checkout,1.0
21:23,dairy,2.2
21:23,drinks,2.4
21:23,fruit,1.4
21:23,spices,0.8
21:24,checkout,1.6
21:24,dairy,1.6
21:24,drinks,2.0
21:24,fruit,2.2
21:24,spices,0.8
21:25,checkout,0.6
21:25,dairy,1.8
21:25,drinks,2.2
21:25,fruit,2.4
21:25,spices,1.6
21:26,checkout,1.4
21:26,dairy,1.8
21:26,drinks,2.6
21:26,fruit,3.0
21:26,spices,1.2
21:27,checkout,1.8
21:27,dairy,2.4
21:27,drinks,2.6
21:27,fruit,1.4
21:27,spices,1.4
21:28,checkout,1.0
21:28,dairy,2.6
21:28,drinks,2.6
21:28,fruit,1.6
21:28,spices,1.0
21:29,checkout,1.4
21:29,dairy,2.8
21:29,drinks,3.8
21:29,fruit,1.4
21:29,spices,1.2
21:30,checkout,1.8
21:30,dairy,2.0
21:30,drinks,3.0
21:30,fruit,1.6
21:30,spices,1.8
21:31,checkout,1.2
21:31,dairy,1.6
21:31,drinks,4.2
21:31,fruit,2.0
21:31,spices,0.8
21:32,checkout,1.6
21:32,dairy,1.8
21:32,drinks,4.6
21:32,fruit,2.0
21:32,spices,0.4
21:33,checkout,2.2
21:33,dairy,1.0
21:33,drinks,3.4
21:33,fruit,2.0
21:33,spices,0.8
21:34,checkout,2.0
21:34,dairy,1.8
21:34,drinks,2.2
21:34,fruit,1.2
21:34,spices,1.0
21:35,checkout,1.6
21:35,dairy,1.4
21:35,drinks,2.2
21:35,fruit,1.4
21:35,spices,0.4
21:36,checkout,1.2
21:36,dairy,1.0
21:36,drinks,2.4
21:36,fruit,1.2
21:37,checkout,0.6
21:37,dairy,1.0
21:37,drinks,2.0
21:37,fruit,1.2
21:37,spices,0.6
21:38,checkout,0.6
21:38,dairy,0.8
21:38,drinks,1.8
21:38,fruit,1.2
21:38,spices,0.8
21:39,checkout,0.6
21:39,dairy,0.6
21:39,drinks,1.2
21:39,fruit,1.4
21:39,spices,0.8
21:40,checkout,0.8
21:40,dairy,1.0
21:40,drinks,1.8
21:40,fruit,1.2
21:40,spices,0.8
21:41,checkout,0.6
21:41,dairy,1.4
21:41,drinks,1.4
21:41,fruit,1.0
21:41,spices,1.0
21:42,checkout,0.6
21:42,dairy,2.0
21:42,drinks,0.8
21:42,fruit,1.2
21:42,spices,0.8
21:43,checkout,0.8
21:43,dairy,2.0
21:43,drinks,1.2
21:43,fruit,1.4
21:43,spices,1.2
21:44,checkout,0.2
21:44,dairy,2.0
21:44,drinks,2.0
21:44,fruit,1.0
21:44,spices,0.8
21:45,checkout,1.2
21:45,dairy,1.4
21:45,drinks,1.6
21:45,fruit,1.2
21:45,spices,0.8
21:46,checkout,1.0
21:46,dairy,1.2
21:46,drinks,1.6
21:46,fruit,2.0
21:46,spices,1.0
21:47,checkout,1.0
21:47,dairy,1.8
21:47,drinks,1.4
21:47,fruit,2.2
21:47,spices,0.4
21:48,checkout,1.4
21:48,dairy,2.2
21:48,drinks,1.0
21:48,fruit,2.0
21:48,spices,1.0
21:49,checkout,1.2
21:49,dairy,2.8
21:49,drinks,0.2
21:49,fruit,1.4
21:49,spices,0.8
21:50,checkout,0.4
21:50,dairy,2.8
21:50,drinks,0.4
21:50,fruit,1.4
21:50,spices,1.0
21:51,checkout,5.6
